player,age,team_id,pos,goals,assists,points,plus_minus,wins_goalie,losses_goalie,ties_goalie,goals_against_avg,save_pct,ops,dps,gps,ps
Justin Abdelkader,31,DET,LW,6,13,19,-14,,,,,,,,,0.1
Pontus Aberg,25,TOT,LW,12,13,25,-14,,,,,,,,,2.0
Pontus Aberg,25,ANA,LW,11,8,19,-10,,,,,,,,,1.8
Pontus Aberg,25,MIN,LW,1,5,6,-4,,,,,,,,,0.2
Vitaly Abramov,20,OTT,RW,0,0,0,-3,,,,,,,,,-0.1
Noel Acciari,27,BOS,C,6,8,14,-3,,,,,,,,,0.4
Kenny Agostino,26,TOT,LW,6,18,24,-3,,,,,,,,,1.6
Kenny Agostino,26,MTL,LW,2,9,11,-1,,,,,,,,,0.5
Kenny Agostino,26,NJD,LW,4,9,13,-2,,,,,,,,,1.1
Andrew Agozzino,28,COL,LW,1,1,2,2,,,,,,,,,0.2
Sebastian Aho,21,CAR,RW,30,53,83,25,,,,,,,,,9.8
Mark Alt,27,COL,D,0,0,0,0,,,,,,,,,0.0
Karl Alzner,30,MTL,D,0,1,1,1,,,,,,,,,0.3
Michael Amadio,22,LAK,C,6,7,13,-1,,,,,,,,,1.3
Joey Anderson,20,NJD,RW,4,3,7,-7,,,,,,,,,0.2
Josh Anderson,24,CBJ,RW,27,20,47,25,,,,,,,,,6.2
Jaret Anderson-Dolan,19,LAK,C,0,1,1,-2,,,,,,,,,-0.1
Lias Andersson,20,NYR,C,2,4,6,-13,,,,,,,,,-0.4
Rasmus Andersson,22,CGY,D,2,17,19,17,,,,,,,,,3.8
Sven Andrighetto,25,COL,RW,7,10,17,10,,,,,,,,,1.6
Artem Anisimov,30,CHI,C,15,22,37,-2,,,,,,,,,2.6
Mason Appleton,23,WPG,C,3,7,10,9,,,,,,,,,1.1
Darren Archibald,28,TOT,RW,1,1,2,-3,,,,,,,,,0.1
Darren Archibald,28,VAN,RW,1,1,2,-1,,,,,,,,,0.2
Darren Archibald,28,OTT,RW,0,0,0,-2,,,,,,,,,-0.1
Josh Archibald,26,ARI,RW,12,10,22,1,,,,,,,,,2.4
Player,Age,Tm,Pos,G,A,PTS,+/-,,,,,,,,,PS
Joel Armia,25,MTL,RW,13,10,23,0,,,,,,,,,2.0
Viktor Arvidsson,25,NSH,LW,34,14,48,12,,,,,,,,,7.0
Zach Aston-Reese,24,PIT,C,8,9,17,12,,,,,,,,,1.9
Andreas Athanasiou,24,DET,C,30,24,54,-9,,,,,,,,,5.9
Cam Atkinson,29,CBJ,RW,41,28,69,3,,,,,,,,,8.8
Nicolas Aube-Kubel,22,PHI,RW,0,0,0,1,,,,,,,,,0.0
David Backes,34,BOS,C,7,13,20,0,,,,,,,,,1.3
Mikael Backlund,29,CGY,C,21,26,47,34,,,,,,,,,5.4
Nicklas Backstrom,31,WSH,C,22,52,74,2,,,,,,,,,6.6
Sven Baertschi,26,VAN,LW,9,5,14,-9,,,,,,,,,1.4
Josh Bailey,29,NYI,C,16,40,56,8,,,,,,,,,5.4
Justin Bailey,23,PHI,RW,0,1,1,0,,,,,,,,,0.0
Rudolfs Balcers,21,OTT,LW,5,9,14,-7,,,,,,,,,0.9
Ivan Barbashev,23,STL,C,14,12,26,-4,,,,,,,,,2.5
Mark Barberio,28,COL,D,1,0,1,-6,,,,,,,,,-0.1
Aleksander Barkov,23,FLA,C,35,61,96,-3,,,,,,,,,10.0
Tyson Barrie,27,COL,D,14,45,59,-3,,,,,,,,,8.4
Matt Bartkowski,30,MIN,D,1,0,1,2,,,,,,,,,0.4
Mathew Barzal,21,NYI,C,18,44,62,-5,,,,,,,,,5.6
Nathan Bastian,21,NJD,RW,3,0,3,0,,,,,,,,,0.5
Player,Age,Tm,Pos,G,A,PTS,+/-,,,,,,,,,PS
Drake Batherson,20,OTT,C,3,6,9,-2,,,,,,,,,0.7
Gavin Bayreuther,24,DAL,D,2,3,5,2,,,,,,,,,1.4
Jay Beagle,33,VAN,RW,3,10,13,-8,,,,,,,,,0.1
Jake Bean,20,CAR,D,0,0,0,0,,,,,,,,,0.0
Nathan Beaulieu,26,TOT,D,3,9,12,6,,,,,,,,,2.7
Nathan Beaulieu,26,BUF,D,3,4,7,1,,,,,,,,,1.7
Nathan Beaulieu,26,WPG,D,0,5,5,5,,,,,,,,,1.1
Anthony Beauvillier,21,NYI,LW,18,10,28,1,,,,,,,,,2.8
Matt Beleskey,30,NYR,LW,1,0,1,1,,,,,,,,,0.2
Pierre-Edouard Bellemare,33,VEG,LW,6,9,15,2,,,,,,,,,0.7
Louie Belpedio,22,MIN,D,0,0,0,0,,,,,,,,,0.0
Jamie Benn,29,DAL,LW,27,26,53,14,,,,,,,,,6.6
Jordie Benn,31,MTL,D,5,17,22,15,,,,,,,,,4.8
Sam Bennett,22,CGY,C,13,14,27,-6,,,,,,,,,1.9
Matt Benning,24,EDM,D,5,12,17,11,,,,,,,,,4.0
Patrice Bergeron,33,BOS,C,32,47,79,23,,,,,,,,,10.1
Patrik Berglund,30,BUF,C,2,2,4,-5,,,,,,,,,0.0
Tyler Bertuzzi,23,DET,LW,21,26,47,11,,,,,,,,,5.2
Alex Biega,30,VAN,D,2,14,16,0,,,,,,,,,2.7
Clark Bishop,22,CAR,C,1,2,3,-3,,,,,,,,,0.0
Anthony Bitetto,28,TOT,D,0,3,3,-7,,,,,,,,,0.3
Anthony Bitetto,28,NSH,D,0,3,3,1,,,,,,,,,0.6
Anthony Bitetto,28,MIN,D,0,0,0,-8,,,,,,,,,-0.2
Anders Bjork,22,BOS,LW,1,2,3,-1,,,,,,,,,0.0
Player,Age,Tm,Pos,G,A,PTS,+/-,,,,,,,,,PS
Oliver Bjorkstrand,23,CBJ,RW,23,13,36,8,,,,,,,,,4.8
Nick Bjugstad,26,TOT,C,14,12,26,6,,,,,,,,,2.6
Nick Bjugstad,26,PIT,C,9,5,14,4,,,,,,,,,1.6
Nick Bjugstad,26,FLA,C,5,7,12,2,,,,,,,,,1.0
Colin Blackwell,25,NSH,C,0,0,0,-1,,,,,,,,,-0.1
Sammy Blais,22,STL,LW,2,2,4,-1,,,,,,,,,0.1
Joseph Blandisi,24,TOT,C,0,0,0,-1,,,,,,,,,-0.1
Joseph Blandisi,24,PIT,C,0,0,0,0,,,,,,,,,-0.1
Joseph Blandisi,24,ANA,C,0,0,0,-1,,,,,,,,,-0.1
Anton Blidh,23,BOS,LW,0,0,0,0,,,,,,,,,0.0
Teddy Blueger,24,PIT,C,6,4,10,7,,,,,,,,,1.3
Mikkel Boedker,29,OTT,RW,7,28,35,-23,,,,,,,,,1.6
Brock Boeser,21,VAN,RW,26,30,56,-2,,,,,,,,,6.3
Zach Bogosian,28,BUF,D,3,16,19,-5,,,,,,,,,3.7
Nick Bonino,30,NSH,C,17,18,35,27,,,,,,,,,4.1
William Borgen,22,BUF,D,0,0,0,-5,,,,,,,,,-0.3
Henrik Borgstr√∂m,21,FLA,C,8,10,18,-14,,,,,,,,,1.1
Mark Borowiecki,29,OTT,D,1,4,5,-12,,,,,,,,,0.4
Robert Bortuzzo,29,STL,D,2,8,10,9,,,,,,,,,2.8
Evan Bouchard,19,EDM,D,1,0,1,-5,,,,,,,,,-0.1
Reid Boucher,25,VAN,C,0,0,0,0,,,,,,,,,0.0
Gabriel Bourque,28,COL,LW,2,6,8,3,,,,,,,,,0.2
Jay Bouwmeester,35,STL,D,3,14,17,-3,,,,,,,,,3.5
Madison Bowey,23,TOT,D,2,8,10,-1,,,,,,,,,1.6
Madison Bowey,23,WSH,D,1,5,6,3,,,,,,,,,1.1
Madison Bowey,23,DET,D,1,3,4,-4,,,,,,,,,0.5
Player,Age,Tm,Pos,G,A,PTS,+/-,,,,,,,,,PS
Johnny Boychuk,35,NYI,D,3,16,19,10,,,,,,,,,4.5
Travis Boyd,25,WSH,C,5,15,20,6,,,,,,,,,1.7
Brian Boyle,34,TOT,C,18,6,24,-14,,,,,,,,,2.3
Brian Boyle,34,NJD,C,13,6,19,-13,,,,,,,,,1.9
Brian Boyle,34,NSH,C,5,0,5,-1,,,,,,,,,0.4
Tyler Bozak,32,STL,C,13,25,38,-3,,,,,,,,,3.2
Erik Brannstrom,19,OTT,D,0,0,0,0,,,,,,,,,0.0
Derick Brassard,31,TOT,C,14,9,23,-19,,,,,,,,,1.2
Derick Brassard,31,PIT,C,9,6,15,-6,,,,,,,,,1.1
Derick Brassard,31,COL,C,4,0,4,-7,,,,,,,,,0.0
Derick Brassard,31,FLA,C,1,3,4,-6,,,,,,,,,0.0
Jesper Bratt,20,NJD,W,8,25,33,-8,,,,,,,,,2.8
Justin Braun,31,SJS,D,2,14,16,-14,,,,,,,,,1.6
Connor Brickley,26,NYR,C,1,3,4,3,,,,,,,,,0.4
Daniel Brickley,23,LAK,D,0,1,1,-2,,,,,,,,,0.0
Guillaume Brisebois,21,VAN,D,0,0,0,-4,,,,,,,,,-0.2
T.J. Brodie,28,CGY,D,9,25,34,29,,,,,,,,,7.0
Jonas Brodin,25,MIN,D,4,14,18,-15,,,,,,,,,3.7
Kyle Brodziak,34,EDM,C,6,3,9,-14,,,,,,,,,-0.4
Jonny Brodzinski,25,LAK,C,2,1,3,0,,,,,,,,,0.3
Troy Brouwer,33,FLA,RW,12,9,21,-6,,,,,,,,,1.5
Connor Brown,25,TOR,RW,8,21,29,11,,,,,,,,,2.0
Dustin Brown,34,LAK,RW,22,29,51,-17,,,,,,,,,4.7
J.T. Brown,28,MIN,RW,3,5,8,0,,,,,,,,,0.4
Josh Brown,25,FLA,D,1,1,2,-3,,,,,,,,,0.5
Player,Age,Tm,Pos,G,A,PTS,+/-,,,,,,,,,PS
Logan Brown,20,OTT,C,0,0,0,-2,,,,,,,,,-0.1
Pavel Buchnevich,23,NYR,LW,21,17,38,-10,,,,,,,,,4.0
Michael Bunting,23,ARI,LW,1,0,1,0,,,,,,,,,0.1
Andre Burakovsky,23,WSH,LW,12,13,25,2,,,,,,,,,2.2
Erik Burgdoerfer,30,OTT,D,0,0,0,-1,,,,,,,,,0.0
Brent Burns,33,SJS,D,16,67,83,13,,,,,,,,,12.0
Will Butcher,24,NJD,D,4,26,30,-17,,,,,,,,,4.1
Chris Butler,32,STL,D,1,1,2,3,,,,,,,,,0.7
Dustin Byfuglien,33,WPG,D,4,27,31,4,,,,,,,,,4.4
Paul Byron,29,MTL,C,15,16,31,16,,,,,,,,,3.8
Drake Caggiula,24,TOT,LW,12,11,23,-5,,,,,,,,,1.9
Drake Caggiula,24,EDM,LW,7,4,11,-8,,,,,,,,,0.8
Drake Caggiula,24,CHI,LW,5,7,12,3,,,,,,,,,1.1
Ryan Callahan,33,TBL,RW,7,10,17,7,,,,,,,,,1.5
Matt Calvert,29,COL,LW,11,15,26,-10,,,,,,,,,1.4
Kyle Capobianco,21,ARI,D,0,0,0,-2,,,,,,,,,-0.1
Paul Carey,30,TOT,C,0,0,0,0,,,,,,,,,-0.1
Paul Carey,30,OTT,C,0,0,0,0,,,,,,,,,-0.1
Paul Carey,30,BOS,C,0,0,0,0,,,,,,,,,0.0
Brandon Carlo,22,BOS,D,2,8,10,22,,,,,,,,,4.3
John Carlson,29,WSH,D,13,57,70,21,,,,,,,,,10.5
Gabriel Carlsson,22,CBJ,D,0,0,0,-1,,,,,,,,,-0.1
Ryan Carpenter,28,VEG,C,5,13,18,-6,,,,,,,,,0.7
Daniel Carr,27,VEG,LW,1,0,1,-1,,,,,,,,,0.1
Player,Age,Tm,Pos,G,A,PTS,+/-,,,,,,,,,PS
Connor Carrick,24,TOT,D,2,9,11,-13,,,,,,,,,1.1
Connor Carrick,24,NJD,D,1,6,7,-6,,,,,,,,,0.9
Connor Carrick,24,DAL,D,1,3,4,-7,,,,,,,,,0.3
Sam Carrick,26,ANA,C,0,1,1,-1,,,,,,,,,0.0
Trevor Carrick,24,CAR,D,0,0,0,-1,,,,,,,,,-0.1
William Carrier,24,VEG,LW,8,1,9,-4,,,,,,,,,0.7
Jeff Carter,34,LAK,C,13,20,33,-20,,,,,,,,,2.0
Colby Cave,24,TOT,C,3,5,8,-5,,,,,,,,,-0.1
Colby Cave,24,EDM,C,2,1,3,-4,,,,,,,,,-0.3
Colby Cave,24,BOS,C,1,4,5,-1,,,,,,,,,0.1
Cody Ceci,25,OTT,D,7,19,26,-22,,,,,,,,,3.1
Peter Cehlarik,23,BOS,LW,4,2,6,3,,,,,,,,,0.7
Erik Cernak,21,TBL,D,5,11,16,25,,,,,,,,,4.3
Thomas Chabot,22,OTT,D,14,41,55,-12,,,,,,,,,7.5
Michael Chaput,26,MTL,C,0,5,5,-4,,,,,,,,,-0.3
Zdeno Chara,41,BOS,D,5,9,14,22,,,,,,,,,4.8
Rourke Chartier,22,SJS,C,1,0,1,-5,,,,,,,,,-0.2
Jake Chelios,27,DET,D,0,0,0,0,,,,,,,,,0.1
Ben Chiarot,27,WPG,D,5,15,20,6,,,,,,,,,3.8
Alex Chiasson,28,EDM,RW,22,16,38,-1,,,,,,,,,4.0
Filip Chlapik,21,OTT,C,1,0,1,-2,,,,,,,,,0.0
Dennis Cholowski,20,DET,D,7,9,16,-20,,,,,,,,,1.7
Jakob Chychrun,20,ARI,D,5,15,20,-12,,,,,,,,,3.4
Filip Chytil,19,NYR,C,11,12,23,-22,,,,,,,,,0.9
Player,Age,Tm,Pos,G,A,PTS,+/-,,,,,,,,,PS
Anthony Cirelli,21,TBL,C,19,20,39,25,,,,,,,,,4.4
Casey Cizikas,27,NYI,C,20,13,33,22,,,,,,,,,4.6
Fredrik Claesson,26,NYR,D,2,4,6,3,,,,,,,,,1.6
Adam Clendening,26,CBJ,D,0,0,0,1,,,,,,,,,0.1
Kyle Clifford,28,LAK,LW,11,10,21,4,,,,,,,,,2.3
Connor Clifton,23,BOS,D,0,1,1,5,,,,,,,,,0.8
Cal Clutterbuck,31,NYI,RW,8,15,23,6,,,,,,,,,1.7
Braydon Coburn,33,TBL,D,4,19,23,4,,,,,,,,,3.4
Andrew Cogliano,31,TOT,LW,6,11,17,1,,,,,,,,,1.0
Andrew Cogliano,31,ANA,LW,3,8,11,2,,,,,,,,,0.6
Andrew Cogliano,31,DAL,LW,3,3,6,-1,,,,,,,,,0.4
Ian Cole,29,COL,D,2,13,15,-1,,,,,,,,,2.6
Blake Coleman,27,NJD,C,22,14,36,-19,,,,,,,,,3.3
Blake Comeau,32,DAL,RW,7,11,18,-7,,,,,,,,,0.6
J.T. Compher,23,COL,LW,16,16,32,-8,,,,,,,,,2.6
Max Comtois,20,ANA,LW,2,5,7,3,,,,,,,,,0.8
Cory Conacher,29,TBL,LW,0,0,0,0,,,,,,,,,0.0
Erik Condra,32,DAL,RW,1,0,1,-2,,,,,,,,,0.0
Kevin Connauton,28,ARI,D,1,7,8,-2,,,,,,,,,2.3
Brett Connolly,26,WSH,RW,22,24,46,13,,,,,,,,,5.2
Kyle Connor,22,WPG,LW,34,32,66,-7,,,,,,,,,7.0
Andrew Copp,24,WPG,C,11,14,25,20,,,,,,,,,2.9
Player,Age,Tm,Pos,G,A,PTS,+/-,,,,,,,,,PS
Nick Cousins,25,ARI,C,7,20,27,-8,,,,,,,,,1.8
Logan Couture,29,SJS,C,27,43,70,-6,,,,,,,,,6.6
Sean Couturier,26,PHI,C,33,43,76,2,,,,,,,,,7.8
Charlie Coyle,26,TOT,C,12,22,34,-1,,,,,,,,,2.7
Charlie Coyle,26,MIN,C,10,18,28,1,,,,,,,,,2.5
Charlie Coyle,26,BOS,C,2,4,6,-2,,,,,,,,,0.2
Adam Cracknell,33,ANA,RW,0,0,0,-1,,,,,,,,,-0.1
Sidney Crosby,31,PIT,C,35,65,100,18,,,,,,,,,11.4
Lawson Crouse,21,ARI,LW,11,14,25,5,,,,,,,,,2.6
Matt Cullen,42,PIT,C,7,13,20,6,,,,,,,,,1.5
Josh Currie,26,EDM,RW,2,3,5,2,,,,,,,,,0.5
Austin Czarnik,26,CGY,C,6,12,18,-1,,,,,,,,,1.2
Evgenii Dadonov,29,FLA,RW,28,42,70,-6,,,,,,,,,7.1
Rasmus Dahlin,18,BUF,D,9,35,44,-13,,,,,,,,,6.6
Carl Dahlstrom,24,CHI,D,0,6,6,9,,,,,,,,,1.5
Michael Dal Colle,22,NYI,LW,3,4,7,3,,,,,,,,,0.6
Trevor Daley,35,DET,D,2,6,8,-3,,,,,,,,,1.6
Zac Dalpe,29,CBJ,RW,0,1,1,1,,,,,,,,,0.1
Phillip Danault,25,MTL,LW,12,41,53,17,,,,,,,,,4.6
Marko Dano,24,COL,C,0,0,0,-1,,,,,,,,,-0.1
Laurent Dauphin,23,ARI,C,0,0,0,-1,,,,,,,,,-0.1
Brandon Davidson,27,CHI,D,0,1,1,-4,,,,,,,,,-0.2
Player,Age,Tm,Pos,G,A,PTS,+/-,,,,,,,,,PS
Calvin de Haan,27,CAR,D,1,13,14,1,,,,,,,,,3.1
Jacob de La Rose,23,DET,LW,3,6,9,-13,,,,,,,,,-0.4
Chase De Leo,23,ANA,C,0,0,0,1,,,,,,,,,0.0
Jean-Sebastien Dea,24,TOT,C,4,2,6,0,,,,,,,,,0.7
Jean-Sebastien Dea,24,NJD,C,3,2,5,-1,,,,,,,,,0.5
Jean-Sebastien Dea,24,PIT,C,1,0,1,1,,,,,,,,,0.2
Anthony DeAngelo,23,NYR,D,4,26,30,6,,,,,,,,,4.9
Alex DeBrincat,21,CHI,RW,41,35,76,0,,,,,,,,,8.8
Jake Debrusk,22,BOS,LW,27,15,42,2,,,,,,,,,5.2
Danny DeKeyser,28,DET,D,5,15,20,2,,,,,,,,,3.8
Michael Del Zotto,28,TOT,D,1,9,10,-2,,,,,,,,,1.8
Michael Del Zotto,28,VAN,D,1,3,4,3,,,,,,,,,1.2
Michael Del Zotto,28,ANA,D,0,3,3,-3,,,,,,,,,0.4
Michael Del Zotto,28,STL,D,0,3,3,-2,,,,,,,,,0.2
Dylan DeMelo,25,OTT,D,4,18,22,-1,,,,,,,,,3.9
Jason Demers,30,ARI,D,2,6,8,9,,,,,,,,,2.8
Travis Dermott,22,TOR,D,4,13,17,-5,,,,,,,,,2.1
Nicolas Deslauriers,27,MTL,LW,2,3,5,-12,,,,,,,,,-0.6
Phillip Di Giuseppe,25,TOT,LW,1,3,4,-3,,,,,,,,,0.0
Phillip Di Giuseppe,25,CAR,LW,1,3,4,-2,,,,,,,,,0.1
Phillip Di Giuseppe,25,NSH,LW,0,0,0,-1,,,,,,,,,-0.1
Jason Dickinson,23,DAL,C,6,16,22,9,,,,,,,,,1.9
Brenden Dillon,28,SJS,D,1,21,22,19,,,,,,,,,4.5
Christian Djoos,24,WSH,D,1,9,10,9,,,,,,,,,2.0
Max Domi,23,MTL,LW,28,44,72,20,,,,,,,,,8.2
Ryan Donato,22,TOT,C,10,15,25,-15,,,,,,,,,1.8
Ryan Donato,22,BOS,C,6,3,9,-11,,,,,,,,,0.4
Ryan Donato,22,MIN,C,4,12,16,-4,,,,,,,,,1.4
Matt Donovan,28,NSH,D,0,1,1,0,,,,,,,,,0.1
Player,Age,Tm,Pos,G,A,PTS,+/-,,,,,,,,,PS
Joonas Donskoi,26,SJS,RW,14,23,37,10,,,,,,,,,3.4
Jake Dotchin,24,ANA,D,0,1,1,-4,,,,,,,,,0.1
Drew Doughty,29,LAK,D,8,37,45,-34,,,,,,,,,5.7
Nic Dowd,28,WSH,C,8,14,22,10,,,,,,,,,2.1
Justin Dowling,28,DAL,C,0,1,1,-4,,,,,,,,,-0.2
Leon Draisaitl,23,EDM,C,50,55,105,2,,,,,,,,,12.6
Sheldon Dries,24,COL,C,3,3,6,-7,,,,,,,,,0.0
Jonathan Drouin,23,MTL,LW,18,35,53,-8,,,,,,,,,4.4
Dillon Dube,20,CGY,C,1,4,5,2,,,,,,,,,0.2
Brandon Dubinsky,32,CBJ,C,6,8,14,-16,,,,,,,,,0.2
Pierre-Luc Dubois,20,CBJ,LW,27,34,61,16,,,,,,,,,7.2
Matt Duchene,28,TOT,C,31,39,70,-3,,,,,,,,,7.7
Matt Duchene,28,OTT,C,27,31,58,-2,,,,,,,,,6.8
Matt Duchene,28,CBJ,C,4,8,12,-1,,,,,,,,,0.9
Anthony Duclair,23,TOT,LW,19,14,33,-2,,,,,,,,,3.6
Anthony Duclair,23,CBJ,LW,11,8,19,-3,,,,,,,,,1.9
Anthony Duclair,23,OTT,LW,8,6,14,1,,,,,,,,,1.7
Mathew Dumba,24,MIN,D,12,10,22,-5,,,,,,,,,4.2
Brian Dumoulin,27,PIT,D,3,20,23,31,,,,,,,,,5.7
Vince Dunn,22,STL,D,12,23,35,14,,,,,,,,,7.2
Christian Dvorak,22,ARI,C,2,5,7,-2,,,,,,,,,0.5
Ryan Dzingel,26,TOT,C,26,30,56,-9,,,,,,,,,5.7
Ryan Dzingel,26,OTT,C,22,22,44,-13,,,,,,,,,4.4
Ryan Dzingel,26,CBJ,C,4,8,12,4,,,,,,,,,1.3
Cody Eakin,27,VEG,C,22,19,41,19,,,,,,,,,5.2
Patrick Eaves,34,ANA,RW,0,0,0,-4,,,,,,,,,-0.3
Player,Age,Tm,Pos,G,A,PTS,+/-,,,,,,,,,PS
Jordan Eberle,28,NYI,RW,19,18,37,-6,,,,,,,,,3.4
Alexander Edler,32,VAN,D,10,24,34,3,,,,,,,,,6.4
Joel Edmundson,25,STL,D,2,9,11,8,,,,,,,,,3.2
Nikolaj Ehlers,22,WPG,LW,21,16,37,2,,,,,,,,,4.2
Christoffer Ehn,22,DET,C,3,6,9,-5,,,,,,,,,-0.1
Jack Eichel,22,BUF,C,28,54,82,-11,,,,,,,,,8.2
Aaron Ekblad,22,FLA,D,13,24,37,1,,,,,,,,,6.8
Mattias Ekholm,28,NSH,D,8,36,44,27,,,,,,,,,9.2
Oliver Ekman-Larsson,27,ARI,D,14,30,44,-16,,,,,,,,,7.9
Remi Elie,23,BUF,LW,0,1,1,-3,,,,,,,,,-0.3
Lars Eller,29,WSH,C,13,23,36,-1,,,,,,,,,2.3
Stefan Elliott,28,OTT,D,0,1,1,1,,,,,,,,,0.2
Ryan Ellis,28,NSH,D,7,34,41,21,,,,,,,,,8.4
Deryk Engelland,36,VEG,D,2,10,12,-3,,,,,,,,,2.5
Andreas Englund,23,OTT,D,0,0,0,-2,,,,,,,,,-0.1
Tyler Ennis,29,TOR,C,12,6,18,-6,,,,,,,,,1.8
Jonathan Ericsson,34,DET,D,3,2,5,-10,,,,,,,,,0.9
Loui Eriksson,33,VAN,LW,11,18,29,-11,,,,,,,,,1.9
Joel Eriksson Ek,22,MIN,C,7,7,14,-7,,,,,,,,,0.8
Adam Erne,23,TBL,LW,7,13,20,10,,,,,,,,,1.7
Player,Age,Tm,Pos,G,A,PTS,+/-,,,,,,,,,PS
Robby Fabbri,23,STL,C,2,4,6,-4,,,,,,,,,0.0
Dante Fabbro,20,NSH,D,1,0,1,-1,,,,,,,,,0.2
Radek Faksa,25,DAL,C,15,15,30,-3,,,,,,,,,2.6
Justin Falk,30,OTT,D,0,0,0,-4,,,,,,,,,-0.2
Oscar Fantenberg,27,TOT,D,2,2,4,3,,,,,,,,,1.9
Oscar Fantenberg,27,LAK,D,2,1,3,-2,,,,,,,,,1.3
Oscar Fantenberg,27,CGY,D,0,1,1,5,,,,,,,,,0.6
Jesper Fast,27,NYR,RW,8,12,20,-3,,,,,,,,,1.1
Justin Faulk,26,CAR,D,11,24,35,9,,,,,,,,,7.4
Taylor Fedun,30,DAL,D,4,7,11,2,,,,,,,,,2.9
Eric Fehr,33,MIN,RW,7,8,15,-8,,,,,,,,,0.8
Micheal Ferland,26,CAR,LW,17,23,40,13,,,,,,,,,4.7
Kevin Fiala,22,TOT,LW,13,26,39,-23,,,,,,,,,2.4
Kevin Fiala,22,NSH,LW,10,22,32,-11,,,,,,,,,2.3
Kevin Fiala,22,MIN,LW,3,4,7,-12,,,,,,,,,0.1
Valtteri Filppula,34,NYI,C,17,14,31,19,,,,,,,,,3.9
Christian Fischer,21,ARI,RW,11,7,18,-13,,,,,,,,,1.3
Haydn Fleury,22,CAR,D,0,1,1,4,,,,,,,,,0.7
Warren Foegele,22,CAR,LW,10,5,15,-17,,,,,,,,,0.4
Steven Fogarty,25,NYR,C,0,0,0,-1,,,,,,,,,-0.2
Marcus Foligno,27,MIN,LW,7,12,19,-1,,,,,,,,,1.2
Nick Foligno,31,CBJ,LW,17,18,35,12,,,,,,,,,3.6
Christian Folin,27,TOT,D,0,6,6,6,,,,,,,,,1.6
Christian Folin,27,PHI,D,0,2,2,5,,,,,,,,,0.9
Christian Folin,27,MTL,D,0,4,4,1,,,,,,,,,0.7
Derek Forbort,26,LAK,D,2,12,14,-13,,,,,,,,,2.8
Player,Age,Tm,Pos,G,A,PTS,+/-,,,,,,,,,PS
Alex Formenton,19,OTT,LW,1,0,1,-2,,,,,,,,,-0.1
Jakob Forsbacka Karlsson,22,BOS,C,3,6,9,1,,,,,,,,,0.7
Filip Forsberg,24,NSH,C,28,22,50,8,,,,,,,,,6.3
Gustav Forsling,22,CHI,D,3,6,9,-9,,,,,,,,,0.7
Alexandre Fortin,21,CHI,LW,3,3,6,-6,,,,,,,,,0.2
Cam Fowler,27,ANA,D,5,18,23,-14,,,,,,,,,3.6
Trent Frederic,20,BOS,C,0,0,0,-4,,,,,,,,,-0.4
Mark Friedman,23,PHI,D,0,0,0,-1,,,,,,,,,-0.1
Tanner Fritz,27,NYI,C,0,1,1,-3,,,,,,,,,-0.2
Martin Frk,25,DET,RW,1,5,6,-9,,,,,,,,,-0.1
Michael Frolik,30,CGY,LW,16,18,34,24,,,,,,,,,4.2
Kurtis Gabriel,25,NJD,RW,2,2,4,0,,,,,,,,,0.4
Sam Gagner,29,TOT,C,6,7,13,-6,,,,,,,,,0.9
Sam Gagner,29,EDM,C,5,5,10,-3,,,,,,,,,0.8
Sam Gagner,29,VAN,C,1,2,3,-3,,,,,,,,,0.1
Alex Galchenyuk,24,ARI,C,19,22,41,-19,,,,,,,,,4.1
Brendan Gallagher,26,MTL,RW,33,19,52,10,,,,,,,,,6.5
Joseph Gambardella,25,EDM,C,0,3,3,2,,,,,,,,,0.2
Dylan Gambrell,22,SJS,C,0,0,0,1,,,,,,,,,-0.1
Jake Gardiner,28,TOR,D,3,27,30,19,,,,,,,,,5.2
Conor Garland,22,ARI,RW,13,5,18,1,,,,,,,,,2.5
Jason Garrison,34,EDM,D,1,0,1,1,,,,,,,,,0.5
Player,Age,Tm,Pos,G,A,PTS,+/-,,,,,,,,,PS
Adam Gaudette,22,VAN,C,5,7,12,-8,,,,,,,,,0.5
Frederick Gaudreau,25,NSH,C,3,1,4,1,,,,,,,,,-0.1
Johnny Gaudreau,25,CGY,LW,36,63,99,18,,,,,,,,,10.9
Brendan Gaunce,24,VAN,C,1,2,3,3,,,,,,,,,0.5
Cameron Gaunce,28,TBL,D,0,0,0,3,,,,,,,,,0.2
Frederik Gauthier,23,TOR,C,3,11,14,3,,,,,,,,,0.7
Timothy Gettinger,20,NYR,LW,0,0,0,0,,,,,,,,,0.0
Ryan Getzlaf,33,ANA,C,14,34,48,-19,,,,,,,,,3.7
Brian Gibbons,30,TOT,C,8,11,19,-5,,,,,,,,,1.4
Brian Gibbons,30,ANA,C,2,3,5,-8,,,,,,,,,-0.2
Brian Gibbons,30,OTT,C,6,8,14,3,,,,,,,,,1.7
Brandon Gignac,21,NJD,C,0,0,0,-2,,,,,,,,,-0.1
Dennis Gilbert,22,CHI,D,0,0,0,0,,,,,,,,,0.0
John Gilmour,25,NYR,D,0,0,0,-3,,,,,,,,,-0.2
Stephen Gionta,35,NYI,C,0,0,0,-4,,,,,,,,,-0.2
Mark Giordano,35,CGY,D,17,57,74,39,,,,,,,,,12.6
Samuel Girard,20,COL,D,4,23,27,8,,,,,,,,,4.9
Dan Girardi,34,TBL,D,4,12,16,6,,,,,,,,,2.8
Zemgus Girgensons,25,BUF,C,5,13,18,-11,,,,,,,,,0.4
Claude Giroux,31,PHI,C,22,63,85,9,,,,,,,,,7.9
Ben Gleason,20,DAL,D,0,1,1,-1,,,,,,,,,0.1
Luke Glendening,29,DET,C,10,13,23,2,,,,,,,,,1.3
Player,Age,Tm,Pos,G,A,PTS,+/-,,,,,,,,,PS
Nikolay Goldobin,23,VAN,LW,7,20,27,-10,,,,,,,,,1.7
Alex Goligoski,33,ARI,D,3,24,27,-7,,,,,,,,,5.1
Cody Goloubef,29,OTT,D,0,0,0,0,,,,,,,,,0.0
Barclay Goodrow,25,SJS,RW,7,10,17,4,,,,,,,,,0.9
Shayne Gostisbehere,25,PHI,D,9,28,37,-20,,,,,,,,,4.2
Tyrell Goulbourne,25,PHI,LW,0,0,0,0,,,,,,,,,0.0
Yanni Gourde,27,TBL,C,22,26,48,9,,,,,,,,,4.9
Michael Grabner,31,ARI,RW,9,7,16,-2,,,,,,,,,1.8
Markus Granlund,25,VAN,C,12,10,22,-4,,,,,,,,,1.6
Mikael Granlund,26,TOT,C,16,38,54,-8,,,,,,,,,4.7
Mikael Granlund,26,MIN,C,15,34,49,-2,,,,,,,,,4.7
Mikael Granlund,26,NSH,C,1,4,5,-6,,,,,,,,,-0.1
Derek Grant,28,TOT,C,4,10,14,-6,,,,,,,,,0.6
Derek Grant,28,ANA,C,2,7,9,-9,,,,,,,,,0.2
Derek Grant,28,PIT,C,2,3,5,3,,,,,,,,,0.4
Kevin Gravel,26,EDM,D,0,3,3,-2,,,,,,,,,0.6
Ryan Graves,23,COL,D,3,2,5,4,,,,,,,,,1.3
Anthony Greco,25,FLA,RW,0,0,0,-3,,,,,,,,,-0.1
Mike Green,33,DET,D,5,21,26,-1,,,,,,,,,3.9
Andy Greene,36,NJD,D,5,20,25,-9,,,,,,,,,4.6
Jordan Greenway,21,MIN,LW,12,12,24,-12,,,,,,,,,1.7
A.J. Greer,22,COL,LW,1,1,2,-2,,,,,,,,,0.1
Rocco Grimaldi,25,NSH,C,5,8,13,-2,,,,,,,,,0.9
Carl Grundstrom,21,LAK,RW,5,1,6,-4,,,,,,,,,0.6
Player,Age,Tm,Pos,G,A,PTS,+/-,,,,,,,,,PS
Eric Gryba,30,NJD,D,0,0,0,-1,,,,,,,,,0.1
Matt Grzelcyk,25,BOS,D,3,15,18,9,,,,,,,,,4.0
Radko Gudas,28,PHI,D,4,16,20,6,,,,,,,,,3.9
Erik Gudbranson,27,TOT,D,2,8,10,-20,,,,,,,,,1.1
Erik Gudbranson,27,VAN,D,2,6,8,-27,,,,,,,,,0.2
Erik Gudbranson,27,PIT,D,0,2,2,7,,,,,,,,,0.9
Jake Guentzel,24,PIT,C,40,36,76,13,,,,,,,,,9.4
Brendan Guhle,21,TOT,D,0,1,1,-2,,,,,,,,,0.1
Brendan Guhle,21,ANA,D,0,1,1,-3,,,,,,,,,0.0
Brendan Guhle,21,BUF,D,0,0,0,1,,,,,,,,,0.1
Carl Gunnarsson,32,STL,D,3,4,7,8,,,,,,,,,2.0
Denis Gurianov,21,DAL,RW,1,3,4,-3,,,,,,,,,0.1
Erik Gustafsson,26,CHI,D,17,43,60,-6,,,,,,,,,7.7
Carl Hagelin,30,TOT,LW,5,14,19,7,,,,,,,,,1.2
Carl Hagelin,30,LAK,LW,1,4,5,-2,,,,,,,,,0.1
Carl Hagelin,30,WSH,LW,3,8,11,7,,,,,,,,,1.1
Carl Hagelin,30,PIT,LW,1,2,3,2,,,,,,,,,0.0
Robert Hagg,23,PHI,D,5,15,20,-3,,,,,,,,,3.3
Ron Hainsey,37,TOR,D,5,18,23,30,,,,,,,,,5.6
Libor Hajek,20,NYR,D,1,0,1,1,,,,,,,,,0.3
Micheal Haley,32,TOT,C,2,4,6,-2,,,,,,,,,0.1
Micheal Haley,32,FLA,C,1,2,3,-2,,,,,,,,,0.0
Micheal Haley,32,SJS,C,1,2,3,0,,,,,,,,,0.1
Taylor Hall,27,NJD,LW,11,26,37,-6,,,,,,,,,3.8
Dan Hamhuis,36,NSH,D,0,5,5,-2,,,,,,,,,1.2
Dougie Hamilton,25,CAR,D,18,21,39,0,,,,,,,,,7.6
Travis Hamonic,28,CGY,D,7,12,19,21,,,,,,,,,4.7
Noah Hanifin,22,CGY,D,5,28,33,18,,,,,,,,,5.7
Joel Hanley,27,DAL,D,0,0,0,0,,,,,,,,,0.4
Player,Age,Tm,Pos,G,A,PTS,+/-,,,,,,,,,PS
Markus Hannikainen,25,CBJ,LW,4,3,7,-5,,,,,,,,,0.2
Martin Hanzal,31,DAL,C,1,1,2,-4,,,,,,,,,0.0
Ben Harpur,24,OTT,D,1,4,5,-13,,,,,,,,,0.4
Scott Harrington,25,CBJ,D,2,15,17,6,,,,,,,,,3.3
Ryan Hartman,24,TOT,RW,12,14,26,1,,,,,,,,,2.1
Ryan Hartman,24,NSH,RW,10,10,20,7,,,,,,,,,1.9
Ryan Hartman,24,PHI,RW,2,4,6,-6,,,,,,,,,0.2
Garnet Hathaway,27,CGY,RW,11,8,19,14,,,,,,,,,2.0
Erik Haula,27,VEG,LW,2,5,7,1,,,,,,,,,0.6
Jayce Hawryluk,23,FLA,C,7,5,12,-8,,,,,,,,,1.0
John Hayden,23,CHI,C,3,2,5,-12,,,,,,,,,-0.6
Kevin Hayes,26,TOT,RW,19,36,55,-2,,,,,,,,,5.3
Kevin Hayes,26,NYR,RW,14,28,42,1,,,,,,,,,4.1
Kevin Hayes,26,WPG,RW,5,8,13,-3,,,,,,,,,1.2
Dillon Heatherington,23,DAL,D,0,1,1,4,,,,,,,,,0.5
Victor Hedman,28,TBL,D,12,42,54,24,,,,,,,,,8.9
Tim Heed,28,SJS,D,2,11,13,9,,,,,,,,,2.5
Danton Heinen,23,BOS,C,11,23,34,13,,,,,,,,,3.3
Miro Heiskanen,19,DAL,D,12,21,33,-14,,,,,,,,,6.5
Darren Helm,32,DET,C,7,10,17,-11,,,,,,,,,0.5
Matt Hendricks,37,TOT,C,0,3,3,-2,,,,,,,,,-0.1
Matt Hendricks,37,MIN,C,0,2,2,-2,,,,,,,,,-0.1
Matt Hendricks,37,WPG,C,0,1,1,0,,,,,,,,,0.0
Adam Henrique,28,ANA,C,18,24,42,-5,,,,,,,,,4.0
Tomas Hertl,25,SJS,C,35,39,74,5,,,,,,,,,8.3
Joe Hicketts,22,DET,D,0,0,0,-9,,,,,,,,,-0.5
Player,Age,Tm,Pos,G,A,PTS,+/-,,,,,,,,,PS
Thomas Hickey,29,NYI,D,0,4,4,5,,,,,,,,,1.6
Vinnie Hinostroza,24,ARI,C,16,23,39,-4,,,,,,,,,4.2
Roope Hintz,22,DAL,LW,9,13,22,-11,,,,,,,,,1.6
Taro Hirose,22,DET,LW,1,6,7,0,,,,,,,,,0.5
Nico Hischier,20,NJD,C,17,30,47,0,,,,,,,,,4.8
Niklas Hjalmarsson,31,ARI,D,0,10,10,8,,,,,,,,,4.2
Joshua Ho-Sang,23,NYI,C,1,1,2,2,,,,,,,,,0.1
Mike Hoffman,29,FLA,C,36,34,70,-24,,,,,,,,,7.3
Nick Holden,31,VEG,D,3,12,15,5,,,,,,,,,3.2
Justin Holl,27,TOR,D,0,1,1,-5,,,,,,,,,-0.2
Korbinian Holzer,30,ANA,D,1,3,4,5,,,,,,,,,1.4
Julius Honka,23,DAL,D,0,4,4,-2,,,,,,,,,0.9
Patric Hornqvist,32,PIT,RW,18,19,37,-3,,,,,,,,,3.6
Bo Horvat,23,VAN,C,27,34,61,-4,,,,,,,,,6.2
Brett Howden,20,NYR,C,6,17,23,-16,,,,,,,,,0.7
Filip Hronek,21,DET,D,5,18,23,-10,,,,,,,,,2.9
Jonathan Huberdeau,25,FLA,C,30,62,92,-14,,,,,,,,,9.1
Charles Hudon,24,MTL,LW,3,2,5,-9,,,,,,,,,-0.2
Quinn Hughes,19,VAN,D,0,3,3,0,,,,,,,,,0.4
Brad Hunt,30,TOT,D,5,7,12,-2,,,,,,,,,2.4
Brad Hunt,30,MIN,D,3,2,5,-5,,,,,,,,,1.1
Brad Hunt,30,VEG,D,2,5,7,3,,,,,,,,,1.3
Player,Age,Tm,Pos,G,A,PTS,+/-,,,,,,,,,PS
Dryden Hunt,23,FLA,LW,3,7,10,0,,,,,,,,,0.7
Matt Hunwick,33,BUF,D,0,2,2,-7,,,,,,,,,0.0
Ben Hutton,25,VAN,D,5,15,20,-23,,,,,,,,,2.7
Tomas Hyka,25,VEG,RW,1,3,4,-2,,,,,,,,,0.1
Zach Hyman,26,TOR,C,21,20,41,16,,,,,,,,,4.5
Alex Iafallo,25,LAK,C,15,18,33,-17,,,,,,,,,2.3
Matt Irwin,31,NSH,D,1,6,7,5,,,,,,,,,1.7
Joshua Jacobs,22,NJD,D,0,0,0,-1,,,,,,,,,-0.1
Mark Jankowski,24,CGY,C,14,18,32,6,,,,,,,,,2.9
Mattias Janmark,26,DAL,C,6,19,25,-4,,,,,,,,,1.3
Calle Jarnkrok,27,NSH,C,10,16,26,13,,,,,,,,,2.1
Christian Jaros,22,OTT,D,1,9,10,-14,,,,,,,,,0.8
Dmitrij Jaskin,25,WSH,RW,2,6,8,-5,,,,,,,,,0.1
Boone Jenner,25,CBJ,C,16,22,38,6,,,,,,,,,3.6
Nick Jensen,28,TOT,D,2,18,20,4,,,,,,,,,3.8
Nick Jensen,28,DET,D,2,13,15,1,,,,,,,,,3.0
Nick Jensen,28,WSH,D,0,5,5,3,,,,,,,,,0.8
Jakub Jerabek,27,STL,D,0,0,0,-3,,,,,,,,,-0.2
Ryan Johansen,26,NSH,C,14,50,64,7,,,,,,,,,5.6
Marcus Johansson,28,TOT,C,13,17,30,-16,,,,,,,,,2.5
Marcus Johansson,28,NJD,C,12,15,27,-15,,,,,,,,,2.3
Marcus Johansson,28,BOS,C,1,2,3,-1,,,,,,,,,0.2
Adam Johnson,24,PIT,C,0,2,2,2,,,,,,,,,0.2
Erik Johnson,30,COL,D,7,18,25,8,,,,,,,,,5.1
Player,Age,Tm,Pos,G,A,PTS,+/-,,,,,,,,,PS
Jack Johnson,32,PIT,D,1,12,13,-4,,,,,,,,,1.8
Luke Johnson,24,CHI,C,0,1,1,-8,,,,,,,,,-0.5
Tyler Johnson,28,TBL,C,29,18,47,15,,,,,,,,,5.7
Andreas Johnsson,24,TOR,LW,20,23,43,14,,,,,,,,,4.9
Ross Johnston,24,NYI,LW,1,3,4,3,,,,,,,,,0.4
Henri Jokiharju,19,CHI,D,0,12,12,-7,,,,,,,,,0.8
Caleb Jones,21,EDM,D,1,5,6,-9,,,,,,,,,0.3
Max Jones,20,ANA,LW,2,3,5,-1,,,,,,,,,0.1
Seth Jones,24,CBJ,D,9,37,46,1,,,,,,,,,7.5
Mathieu Joseph,21,TBL,RW,13,13,26,5,,,,,,,,,2.5
Roman Josi,28,NSH,D,15,41,56,9,,,,,,,,,9.9
Tyson Jost,20,COL,C,11,15,26,-2,,,,,,,,,2.1
Noah Juulsen,21,MTL,D,1,4,5,5,,,,,,,,,1.2
Nazem Kadri,28,TOR,C,16,28,44,-2,,,,,,,,,3.7
Dominik Kahun,23,CHI,C,13,24,37,10,,,,,,,,,3.1
Vladislav Kamenev,22,COL,LW,2,3,5,-2,,,,,,,,,0.3
David Kampf,24,CHI,C,4,15,19,-6,,,,,,,,,0.4
Steven Kampfer,30,BOS,D,3,3,6,-6,,,,,,,,,0.9
Evander Kane,27,SJS,LW,30,26,56,-4,,,,,,,,,5.8
Patrick Kane,30,CHI,RW,44,66,110,2,,,,,,,,,11.8
Player,Age,Tm,Pos,G,A,PTS,+/-,,,,,,,,,PS
Kasperi Kapanen,22,TOR,RW,20,24,44,12,,,,,,,,,4.4
Erik Karlsson,28,SJS,D,3,42,45,6,,,,,,,,,6.0
Melker Karlsson,28,SJS,C,12,4,16,-1,,,,,,,,,1.0
William Karlsson,26,VEG,C,24,32,56,1,,,,,,,,,5.7
Ondrej Kase,23,ANA,RW,11,9,20,0,,,,,,,,,2.5
Zack Kassian,28,EDM,RW,15,11,26,-6,,,,,,,,,2.0
Brady Keeper,22,FLA,D,0,0,0,1,,,,,,,,,0.1
Duncan Keith,35,CHI,D,6,34,40,13,,,,,,,,,6.0
Clayton Keller,20,ARI,C,14,33,47,-21,,,,,,,,,3.6
Adrian Kempe,22,LAK,LW,12,16,28,-10,,,,,,,,,2.0
Mario Kempe,30,ARI,C,4,5,9,5,,,,,,,,,0.8
Michal Kempny,28,WSH,D,6,19,25,24,,,,,,,,,5.3
Alexander Kerfoot,24,COL,C,15,27,42,-9,,,,,,,,,3.4
Ryan Kesler,34,ANA,C,5,3,8,-19,,,,,,,,,-0.8
Phil Kessel,31,PIT,RW,27,55,82,-19,,,,,,,,,7.7
Jujhar Khaira,24,EDM,LW,3,15,18,-12,,,,,,,,,0.4
Alex Killorn,29,TBL,C,18,22,40,22,,,,,,,,,4.3
Bogdan Kiselevich,28,FLA,D,0,8,8,-3,,,,,,,,,1.0
Oscar Klefbom,25,EDM,D,5,23,28,-11,,,,,,,,,3.9
John Klingberg,26,DAL,D,10,35,45,6,,,,,,,,,8.5
Player,Age,Tm,Pos,G,A,PTS,+/-,,,,,,,,,PS
Justin Kloos,25,ANA,C,0,0,0,0,,,,,,,,,0.0
Corban Knight,28,PHI,C,1,3,4,-5,,,,,,,,,-0.1
Slater Koekkoek,24,TOT,D,2,4,6,4,,,,,,,,,1.2
Slater Koekkoek,24,CHI,D,1,4,5,4,,,,,,,,,1.0
Slater Koekkoek,24,TBL,D,1,0,1,0,,,,,,,,,0.2
Mikko Koivu,35,MIN,C,8,21,29,-2,,,,,,,,,2.4
Leo Komarov,32,NYI,C,6,20,26,18,,,,,,,,,2.1
Travis Konecny,21,PHI,C,24,25,49,-4,,,,,,,,,4.9
Anze Kopitar,31,LAK,C,22,38,60,-20,,,,,,,,,5.0
Kalle Kossila,25,ANA,LW,1,0,1,-1,,,,,,,,,0.0
Jesperi Kotkaniemi,18,MTL,C,11,23,34,1,,,,,,,,,2.6
Ilya Kovalchuk,35,LAK,LW,16,18,34,-26,,,,,,,,,2.6
Chris Kreider,27,NYR,C,28,24,52,4,,,,,,,,,6.0
David Krejci,32,BOS,C,20,53,73,7,,,,,,,,,7.3
Niklas Kronwall,38,DET,D,3,24,27,-5,,,,,,,,,4.2
Torey Krug,27,BOS,D,6,47,53,-2,,,,,,,,,7.1
Marcus Kruger,28,CHI,C,4,8,12,-2,,,,,,,,,0.0
Nikita Kucherov,25,TBL,RW,41,87,128,24,,,,,,,,,14.6
Ryan Kuffner,22,DET,LW,0,0,0,-4,,,,,,,,,-0.3
Karson Kuhlman,23,BOS,C,3,2,5,5,,,,,,,,,0.8
Tom Kuhnhackl,27,NYI,RW,4,5,9,1,,,,,,,,,0.6
Dean Kukan,25,CBJ,D,0,5,5,6,,,,,,,,,1.3
Player,Age,Tm,Pos,G,A,PTS,+/-,,,,,,,,,PS
Brett Kulak,25,MTL,D,6,11,17,12,,,,,,,,,3.9
Dmitry Kulikov,28,WPG,D,0,6,6,4,,,,,,,,,1.4
Luke Kunin,21,MIN,C,6,11,17,-9,,,,,,,,,0.9
Chris Kunitz,39,CHI,LW,5,5,10,-7,,,,,,,,,0.2
Janne Kuokkanen,20,CAR,C,0,0,0,-2,,,,,,,,,-0.2
Sean Kuraly,26,BOS,C,8,13,21,6,,,,,,,,,1.6
Evgeny Kuznetsov,26,WSH,C,21,51,72,7,,,,,,,,,6.8
Oliver Kylington,21,CGY,D,3,5,8,3,,,,,,,,,1.5
Jordan Kyrou,20,STL,C,1,2,3,-1,,,,,,,,,0.1
Joel L'Esperance,23,DAL,RW,2,0,2,-4,,,,,,,,,0.0
Kevin Labanc,23,SJS,RW,17,39,56,-1,,,,,,,,,5.1
Andrew Ladd,33,NYI,LW,3,8,11,3,,,,,,,,,1.0
Paul Ladue,26,LAK,D,2,3,5,0,,,,,,,,,1.3
Patrik Laine,20,WPG,RW,30,20,50,-24,,,,,,,,,4.7
Maxime Lajoie,21,OTT,D,7,8,15,-25,,,,,,,,,1.2
Juho Lammikko,23,FLA,RW,0,6,6,-7,,,,,,,,,-0.4
Gabriel Landeskog,26,COL,LW,34,41,75,17,,,,,,,,,9.0
Nick Lappin,26,NJD,RW,0,0,0,-6,,,,,,,,,-0.4
Dylan Larkin,22,DET,C,32,41,73,-6,,,,,,,,,7.5
Adam Larsson,26,EDM,D,3,17,20,-28,,,,,,,,,1.8
Player,Age,Tm,Pos,G,A,PTS,+/-,,,,,,,,,PS
Jacob Larsson,21,ANA,D,0,5,5,-4,,,,,,,,,1.3
Johan Larsson,26,BUF,LW,6,8,14,-8,,,,,,,,,0.1
Brian Lashoff,28,DET,D,0,1,1,-1,,,,,,,,,0.1
Scott Laughton,24,PHI,C,12,20,32,-11,,,,,,,,,1.9
Jeremy Lauzon,21,BOS,D,1,0,1,-1,,,,,,,,,0.4
Curtis Lazar,23,CGY,C,0,0,0,-1,,,,,,,,,0.0
Nick Leddy,27,NYI,D,4,22,26,0,,,,,,,,,5.0
Anders Lee,28,NYI,C,28,23,51,20,,,,,,,,,6.5
Artturi Lehkonen,23,MTL,LW,11,20,31,10,,,,,,,,,2.3
Jori Lehtera,31,PHI,C,1,2,3,-7,,,,,,,,,-0.3
Brendan Leipsic,24,TOT,LW,7,16,23,-14,,,,,,,,,1.3
Brendan Leipsic,24,LAK,LW,5,13,18,-4,,,,,,,,,1.3
Brendan Leipsic,24,VAN,LW,2,3,5,-10,,,,,,,,,0.0
Josh Leivo,25,TOT,LW,14,10,24,5,,,,,,,,,2.3
Josh Leivo,25,VAN,LW,10,8,18,4,,,,,,,,,1.8
Josh Leivo,25,TOR,LW,4,2,6,1,,,,,,,,,0.5
Brendan Lemieux,22,TOT,LW,12,5,17,6,,,,,,,,,2.2
Brendan Lemieux,22,WPG,LW,9,2,11,10,,,,,,,,,1.8
Brendan Lemieux,22,NYR,LW,3,3,6,-4,,,,,,,,,0.4
Kris Letang,31,PIT,D,16,40,56,13,,,,,,,,,9.0
Mark Letestu,33,CBJ,C,0,0,0,-1,,,,,,,,,-0.1
Vinni Lettieri,23,NYR,C,1,2,3,-7,,,,,,,,,-0.3
Tyler Lewington,24,WSH,D,1,1,2,3,,,,,,,,,0.5
Trevor Lewis,32,LAK,C,3,9,12,-9,,,,,,,,,0.3
Oscar Lindberg,27,TOT,C,9,11,20,4,,,,,,,,,2.0
Oscar Lindberg,27,VEG,C,4,8,12,3,,,,,,,,,1.1
Oscar Lindberg,27,OTT,C,5,3,8,1,,,,,,,,,0.9
Oskar Lindblom,22,PHI,LW,17,16,33,-9,,,,,,,,,2.7
Player,Age,Tm,Pos,G,A,PTS,+/-,,,,,,,,,PS
Esa Lindell,24,DAL,D,11,21,32,14,,,,,,,,,8.6
Ryan Lindgren,20,NYR,D,0,0,0,-6,,,,,,,,,-0.4
Anton Lindholm,24,COL,D,0,0,0,-1,,,,,,,,,-0.1
Elias Lindholm,24,CGY,C,27,51,78,30,,,,,,,,,8.4
Hampus Lindholm,25,ANA,D,6,22,28,-5,,,,,,,,,5.5
Par Lindholm,27,TOT,C,1,12,13,5,,,,,,,,,0.2
Par Lindholm,27,TOR,C,1,11,12,5,,,,,,,,,0.1
Par Lindholm,27,WPG,C,0,1,1,0,,,,,,,,,0.0
Bryan Little,31,WPG,RW,15,26,41,-12,,,,,,,,,2.9
Blake Lizotte,21,LAK,C,0,0,0,-1,,,,,,,,,-0.1
Ryan Lomberg,24,CGY,LW,0,0,0,0,,,,,,,,,-0.1
Ben Lovejoy,34,TOT,D,2,7,9,-1,,,,,,,,,2.7
Ben Lovejoy,34,NJD,D,2,5,7,1,,,,,,,,,2.1
Ben Lovejoy,34,DAL,D,0,2,2,-2,,,,,,,,,0.6
Adam Lowry,25,WPG,LW,12,11,23,6,,,,,,,,,1.8
Milan Lucic,30,EDM,LW,6,14,20,-9,,,,,,,,,0.5
Matt Luff,21,LAK,RW,8,3,11,-2,,,,,,,,,1.3
Isac Lundestrom,19,ANA,C,0,2,2,-1,,,,,,,,,-0.1
Ilya Lyubushkin,24,ARI,D,0,4,4,-9,,,,,,,,,0.6
Olli Maatta,24,PIT,D,1,13,14,9,,,,,,,,,2.7
Kurtis MacDermid,24,LAK,D,0,1,1,-1,,,,,,,,,0.2
Andrew MacDonald,32,PHI,D,0,9,9,-5,,,,,,,,,1.1
Jacob MacDonald,25,FLA,D,1,0,1,1,,,,,,,,,0.3
Mackenzie MacEachern,24,STL,LW,3,2,5,0,,,,,,,,,0.4
Player,Age,Tm,Pos,G,A,PTS,+/-,,,,,,,,,PS
Zack MacEwen,22,VAN,C,0,1,1,-4,,,,,,,,,-0.1
Derek MacKenzie,37,FLA,C,0,0,0,0,,,,,,,,,0.0
Nathan MacKinnon,23,COL,C,41,58,99,20,,,,,,,,,11.8
Saku Maenalanen,24,CAR,RW,4,4,8,0,,,,,,,,,0.7
Josh Mahura,20,ANA,D,1,4,5,0,,,,,,,,,0.9
Denis Malgin,22,FLA,C,7,9,16,-10,,,,,,,,,0.9
Evgeni Malkin,32,PIT,C,21,51,72,-25,,,,,,,,,6.2
Brad Malone,29,EDM,C,0,0,0,0,,,,,,,,,-0.2
Maxim Mamin,24,FLA,C,0,0,0,-2,,,,,,,,,-0.2
Andrew Mangiapane,22,CGY,LW,8,5,13,11,,,,,,,,,1.6
Brandon Manning,28,TOT,D,2,2,4,-15,,,,,,,,,-0.3
Brandon Manning,28,CHI,D,1,2,3,-14,,,,,,,,,-0.6
Brandon Manning,28,EDM,D,1,0,1,-1,,,,,,,,,0.3
Josh Manson,27,ANA,D,3,13,16,-8,,,,,,,,,3.5
Anthony Mantha,24,DET,RW,25,23,48,-8,,,,,,,,,5.0
Brad Marchand,30,BOS,LW,36,64,100,15,,,,,,,,,11.7
Jon Marchessault,28,VEG,C,25,34,59,2,,,,,,,,,6.3
Martin Marincin,26,TOR,D,1,4,5,-4,,,,,,,,,0.4
Patrick Marleau,39,TOR,C,16,21,37,-6,,,,,,,,,2.5
Mitch Marner,21,TOR,C,26,68,94,22,,,,,,,,,9.8
Cooper Marody,22,EDM,C,0,0,0,-1,,,,,,,,,-0.1
Pat Maroon,30,STL,LW,10,18,28,-3,,,,,,,,,2.1
Player,Age,Tm,Pos,G,A,PTS,+/-,,,,,,,,,PS
Danick Martel,24,TBL,LW,0,2,2,3,,,,,,,,,0.1
Matt Martin,29,NYI,LW,6,8,14,5,,,,,,,,,1.0
Alec Martinez,31,LAK,D,4,14,18,-2,,,,,,,,,3.8
Jordan Martinook,26,CAR,LW,15,10,25,1,,,,,,,,,2.2
Andreas Martinsen,28,CHI,LW,1,3,4,-5,,,,,,,,,-0.1
Mike Matheson,24,FLA,D,8,19,27,-24,,,,,,,,,3.2
Auston Matthews,21,TOR,C,37,36,73,-9,,,,,,,,,8.3
Scott Mayfield,26,NYI,D,4,15,19,18,,,,,,,,,5.3
Charlie McAvoy,21,BOS,D,7,21,28,14,,,,,,,,,5.7
Jake McCabe,25,BUF,D,4,10,14,-4,,,,,,,,,3.0
Jared McCann,22,TOT,C,19,16,35,-1,,,,,,,,,3.5
Jared McCann,22,FLA,C,8,10,18,-9,,,,,,,,,1.2
Jared McCann,22,PIT,C,11,6,17,8,,,,,,,,,2.3
Max McCormick,26,OTT,LW,1,0,1,-6,,,,,,,,,-0.2
Ian McCoshen,23,FLA,D,1,1,2,-2,,,,,,,,,0.4
Connor McDavid,22,EDM,C,41,75,116,3,,,,,,,,,13.0
Ryan McDonagh,29,TBL,D,9,37,46,38,,,,,,,,,8.9
Brock McGinn,24,CAR,LW,10,16,26,10,,,,,,,,,2.2
Jamie McGinn,30,FLA,LW,4,3,7,-5,,,,,,,,,0.6
Dylan McIlrath,26,DET,D,0,0,0,2,,,,,,,,,0.3
Greg McKegg,26,CAR,C,6,5,11,-2,,,,,,,,,1.0
Cody McLeod,34,TOT,LW,1,0,1,-13,,,,,,,,,-0.7
Cody McLeod,34,NYR,LW,1,0,1,-10,,,,,,,,,-0.5
Cody McLeod,34,NSH,LW,0,0,0,-3,,,,,,,,,-0.2
Player,Age,Tm,Pos,G,A,PTS,+/-,,,,,,,,,PS
Michael McLeod,20,NJD,C,0,3,3,-8,,,,,,,,,-0.4
Brayden McNabb,28,VEG,D,4,12,16,11,,,,,,,,,4.3
Adam McQuaid,32,TOT,D,3,4,7,2,,,,,,,,,1.9
Adam McQuaid,32,NYR,D,2,3,5,3,,,,,,,,,1.5
Adam McQuaid,32,CBJ,D,1,1,2,-1,,,,,,,,,0.4
Wade Megan,28,DET,C,0,1,1,-4,,,,,,,,,-0.2
Jaycob Megna,26,ANA,D,1,3,4,-1,,,,,,,,,1.0
Timo Meier,22,SJS,RW,30,36,66,9,,,,,,,,,7.4
Dakota Mermis,25,ARI,D,0,0,0,1,,,,,,,,,0.1
Jonathon Merrill,26,VEG,D,3,12,15,16,,,,,,,,,4.0
Victor Mete,20,MTL,D,0,13,13,17,,,,,,,,,3.5
Marc Methot,33,DAL,D,0,0,0,-3,,,,,,,,,0.0
Jacob Middleton,23,SJS,D,0,1,1,-1,,,,,,,,,0.0
Sonny Milano,22,CBJ,LW,1,0,1,0,,,,,,,,,0.1
Colin Miller,26,VEG,D,3,26,29,0,,,,,,,,,4.5
J.T. Miller,25,TBL,C,13,34,47,8,,,,,,,,,4.2
Kevan Miller,31,BOS,D,0,7,7,8,,,,,,,,,2.0
Casey Mittelstadt,20,BUF,C,12,13,25,-19,,,,,,,,,1.4
Sean Monahan,24,CGY,C,34,48,82,7,,,,,,,,,8.9
Brandon Montour,24,TOT,D,8,27,35,-20,,,,,,,,,5.3
Brandon Montour,24,ANA,D,5,20,25,-16,,,,,,,,,3.7
Brandon Montour,24,BUF,D,3,7,10,-4,,,,,,,,,1.6
John Moore,28,BOS,D,4,9,13,0,,,,,,,,,2.8
Trevor Moore,23,TOR,LW,2,6,8,1,,,,,,,,,0.6
Player,Age,Tm,Pos,G,A,PTS,+/-,,,,,,,,,PS
Samuel Morin,23,PHI,D,0,0,0,-3,,,,,,,,,-0.2
Josh Morrissey,23,WPG,D,6,25,31,9,,,,,,,,,5.2
Joseph Morrow,26,WPG,D,1,6,7,0,,,,,,,,,1.1
Tyler Motte,23,VAN,C,9,7,16,-12,,,,,,,,,0.7
Mirco Mueller,23,NJD,D,1,10,11,-3,,,,,,,,,2.2
Connor Murphy,25,CHI,D,5,8,13,12,,,,,,,,,3.0
Ryan Murphy,25,TOT,D,0,1,1,1,,,,,,,,,0.2
Ryan Murphy,25,MIN,D,0,0,0,1,,,,,,,,,0.1
Ryan Murphy,25,NJD,D,0,1,1,0,,,,,,,,,0.1
Ryan Murray,25,CBJ,D,1,28,29,20,,,,,,,,,5.7
Jake Muzzin,29,TOT,D,9,28,37,21,,,,,,,,,7.8
Jake Muzzin,29,LAK,D,4,17,21,10,,,,,,,,,4.7
Jake Muzzin,29,TOR,D,5,11,16,11,,,,,,,,,3.1
Philippe Myers,22,PHI,D,1,1,2,-5,,,,,,,,,0.2
Tyler Myers,28,WPG,D,9,22,31,11,,,,,,,,,5.8
Vladislav Namestnikov,26,NYR,C,11,20,31,-7,,,,,,,,,2.0
Riley Nash,29,CBJ,C,3,9,12,-8,,,,,,,,,-0.2
James Neal,31,CGY,LW,7,12,19,-5,,,,,,,,,0.6
Martin Necas,20,CAR,C,1,1,2,0,,,,,,,,,0.2
Brock Nelson,27,NYI,C,25,28,53,20,,,,,,,,,6.3
Casey Nelson,26,BUF,D,1,5,6,1,,,,,,,,,1.6
Patrik Nemeth,26,COL,D,1,9,10,5,,,,,,,,,2.3
Valeri Nichushkin,23,DAL,RW,0,10,10,-4,,,,,,,,,-0.1
Nino Niederreiter,26,TOT,RW,23,30,53,-4,,,,,,,,,5.6
Nino Niederreiter,26,MIN,RW,9,14,23,-11,,,,,,,,,1.9
Nino Niederreiter,26,CAR,RW,14,16,30,7,,,,,,,,,3.7
Player,Age,Tm,Pos,G,A,PTS,+/-,,,,,,,,,PS
Frans Nielsen,34,DET,C,10,25,35,-7,,,,,,,,,2.2
Matthew Nieto,26,COL,LW,4,19,23,2,,,,,,,,,1.3
Boo Nieves,25,NYR,C,4,6,10,-4,,,,,,,,,0.6
Sami Niku,22,WPG,D,1,3,4,0,,,,,,,,,0.7
Jacob Nilsson,25,CHI,C,0,0,0,-2,,,,,,,,,-0.1
Matt Niskanen,32,WSH,D,8,17,25,-3,,,,,,,,,3.6
Stefan Noesen,25,NJD,RW,3,5,8,-19,,,,,,,,,-0.3
Nelson Nogier,22,WPG,D,0,0,0,0,,,,,,,,,0.0
Jordan Nolan,29,STL,C,0,2,2,2,,,,,,,,,0.1
Joakim Nordstrom,26,BOS,C,7,5,12,0,,,,,,,,,0.4
Tomas Nosek,26,VEG,C,8,9,17,-10,,,,,,,,,0.8
Ryan Nugent-Hopkins,25,EDM,C,28,41,69,-13,,,,,,,,,6.6
Darnell Nurse,23,EDM,D,10,31,41,-5,,,,,,,,,6.6
Markus Nutivaara,24,CBJ,D,5,16,21,3,,,,,,,,,4.2
Alexander Nylander,20,BUF,LW,2,2,4,-4,,,,,,,,,0.2
William Nylander,22,TOR,C,7,20,27,-4,,,,,,,,,1.6
Gustav Nyquist,29,TOT,RW,22,38,60,1,,,,,,,,,5.8
Gustav Nyquist,29,DET,RW,16,33,49,0,,,,,,,,,4.6
Gustav Nyquist,29,SJS,RW,6,5,11,1,,,,,,,,,1.2
Logan O'Connor,22,COL,RW,0,0,0,-2,,,,,,,,,-0.1
Daniel O'Regan,25,BUF,C,0,0,0,0,,,,,,,,,0.0
Ryan O'Reilly,27,STL,C,28,49,77,22,,,,,,,,,8.8
Player,Age,Tm,Pos,G,A,PTS,+/-,,,,,,,,,PS
Jordan Oesterle,26,ARI,D,6,14,20,-3,,,,,,,,,4.6
Kyle Okposo,30,BUF,RW,14,15,29,-9,,,,,,,,,2.3
Jamie Oleksiak,26,TOT,D,4,8,12,5,,,,,,,,,2.7
Jamie Oleksiak,26,PIT,D,4,7,11,5,,,,,,,,,2.1
Jamie Oleksiak,26,DAL,D,0,1,1,0,,,,,,,,,0.5
Victor Olofsson,23,BUF,RW,2,2,4,1,,,,,,,,,0.5
Dmitry Orlov,27,WSH,D,3,26,29,3,,,,,,,,,4.0
Brooks Orpik,38,WSH,D,2,7,9,8,,,,,,,,,2.0
T.J. Oshie,32,WSH,C,25,29,54,5,,,,,,,,,5.6
Xavier Ouellet,25,MTL,D,0,3,3,-3,,,,,,,,,0.3
Alex Ovechkin,33,WSH,LW,51,38,89,7,,,,,,,,,11.0
Igor Ozhiganov,26,TOR,D,3,4,7,0,,,,,,,,,1.2
Magnus Paajarvi,27,OTT,LW,11,8,19,-14,,,,,,,,,0.7
Max Pacioretty,30,VEG,LW,22,18,40,-13,,,,,,,,,4.1
Jean-Gabriel Pageau,26,OTT,C,4,8,12,-12,,,,,,,,,0.0
Ondrej Palat,27,TBL,LW,8,26,34,4,,,,,,,,,2.5
Kyle Palmieri,27,NJD,RW,27,23,50,-9,,,,,,,,,5.6
Artemi Panarin,27,CBJ,LW,28,59,87,14,,,,,,,,,9.7
Richard Panik,27,ARI,RW,14,19,33,-3,,,,,,,,,3.2
Cedric Paquette,25,TBL,C,13,4,17,7,,,,,,,,,1.4
Colton Parayko,25,STL,D,10,18,28,20,,,,,,,,,7.2
Zach Parise,34,MIN,LW,28,33,61,-2,,,,,,,,,6.9
Player,Age,Tm,Pos,G,A,PTS,+/-,,,,,,,,,PS
David Pastrnak,22,BOS,RW,38,43,81,6,,,,,,,,,10.2
Greg Pateryn,28,MIN,D,1,6,7,-11,,,,,,,,,2.1
Nolan Patrick,20,PHI,C,13,18,31,-8,,,,,,,,,2.2
Nick Paul,23,OTT,LW,1,1,2,-10,,,,,,,,,-0.4
Joe Pavelski,34,SJS,C,38,26,64,-4,,,,,,,,,7.3
Tanner Pearson,26,TOT,LW,18,9,27,-15,,,,,,,,,2.2
Tanner Pearson,26,PIT,LW,9,5,14,-6,,,,,,,,,1.1
Tanner Pearson,26,VAN,LW,9,3,12,0,,,,,,,,,1.7
Tanner Pearson,26,LAK,LW,0,1,1,-9,,,,,,,,,-0.6
Matthew Peca,25,MTL,C,3,7,10,-14,,,,,,,,,0.0
Adam Pelech,24,NYI,D,5,16,21,22,,,,,,,,,5.9
Anthony Peluso,29,CGY,RW,0,0,0,-1,,,,,,,,,-0.1
Brendan Perlini,22,TOT,LW,14,7,21,-17,,,,,,,,,1.5
Brendan Perlini,22,CHI,LW,12,3,15,-12,,,,,,,,,1.3
Brendan Perlini,22,ARI,LW,2,4,6,-5,,,,,,,,,0.3
Mathieu Perreault,31,WPG,C,15,15,30,-1,,,,,,,,,2.7
David Perron,30,STL,LW,23,23,46,3,,,,,,,,,5.5
Corey Perry,33,ANA,RW,6,4,10,-16,,,,,,,,,0.4
Brett Pesce,24,CAR,D,7,22,29,35,,,,,,,,,7.9
Nic Petan,23,TOT,C,1,2,3,-5,,,,,,,,,0.0
Nic Petan,23,WPG,C,0,2,2,-2,,,,,,,,,0.0
Nic Petan,23,TOR,C,1,0,1,-3,,,,,,,,,0.0
Alexander Petrovic,26,TOT,D,0,2,2,-15,,,,,,,,,-0.4
Alexander Petrovic,26,FLA,D,0,1,1,-8,,,,,,,,,-0.1
Alexander Petrovic,26,EDM,D,0,1,1,-7,,,,,,,,,-0.3
Jeff Petry,31,MTL,D,13,33,46,-5,,,,,,,,,6.8
Elias Pettersson,20,VAN,C,28,38,66,3,,,,,,,,,7.8
Marcus Pettersson,22,TOT,D,2,23,25,17,,,,,,,,,5.0
Marcus Pettersson,22,PIT,D,2,17,19,13,,,,,,,,,3.5
Marcus Pettersson,22,ANA,D,0,6,6,4,,,,,,,,,1.4
Dion Phaneuf,33,LAK,D,1,5,6,-21,,,,,,,,,0.4
Player,Age,Tm,Pos,G,A,PTS,+/-,,,,,,,,,PS
Blake Pietila,25,NJD,LW,0,1,1,-7,,,,,,,,,-0.5
Alex Pietrangelo,29,STL,D,13,28,41,2,,,,,,,,,7.3
Lawrence Pilut,23,BUF,D,1,5,6,-8,,,,,,,,,0.9
Neal Pionk,23,NYR,D,6,20,26,-16,,,,,,,,,3.4
Brandon Pirri,27,VEG,C,12,6,18,7,,,,,,,,,2.6
Rem Pitlick,21,NSH,C,0,0,0,0,,,,,,,,,0.0
Tyler Pitlick,27,DAL,C,8,4,12,-2,,,,,,,,,1.1
Tomas Plekanec,36,MTL,C,1,0,1,0,,,,,,,,,0.1
Ryan Poehling,20,MTL,C,3,0,3,3,,,,,,,,,0.7
Brayden Point,22,TBL,C,41,51,92,27,,,,,,,,,11.4
Roman Polak,32,DAL,D,1,8,9,6,,,,,,,,,3.8
Jason Pominville,36,BUF,RW,16,15,31,-4,,,,,,,,,3.2
Derrick Pouliot,25,VAN,D,3,9,12,-1,,,,,,,,,2.7
Nate Prosser,32,MIN,D,0,0,0,1,,,,,,,,,0.3
Dalton Prout,28,CGY,D,1,1,2,1,,,,,,,,,0.5
Ivan Provorov,22,PHI,D,7,19,26,-16,,,,,,,,,3.7
Matt Puempel,26,DET,LW,1,0,1,-2,,,,,,,,,0.0
Jesse Puljujarvi,20,EDM,RW,4,5,9,-14,,,,,,,,,-0.1
Ryan Pulock,24,NYI,D,9,28,37,21,,,,,,,,,8.3
Tom Pyatt,31,OTT,C,0,2,2,-16,,,,,,,,,-1.1
Player,Age,Tm,Pos,G,A,PTS,+/-,,,,,,,,,PS
Mark Pysyk,27,FLA,D,1,10,11,-1,,,,,,,,,2.3
John Quenneville,22,NJD,C,1,0,1,-1,,,,,,,,,-0.1
Alan Quine,25,CGY,C,3,2,5,0,,,,,,,,,0.6
Lukas Radil,28,SJS,C,7,4,11,7,,,,,,,,,1.3
Alexander Radulov,32,DAL,RW,29,43,72,22,,,,,,,,,9.1
Brogan Rafferty,23,VAN,D,0,0,0,-1,,,,,,,,,0.0
Michael Raffl,30,PHI,LW,6,12,18,-1,,,,,,,,,1.0
Rickard Rakell,25,ANA,RW,18,25,43,-13,,,,,,,,,3.9
Mikko Rantanen,22,COL,RW,31,56,87,13,,,,,,,,,9.8
Victor Rask,25,TOT,C,3,6,9,-4,,,,,,,,,0.2
Victor Rask,25,CAR,C,1,5,6,-3,,,,,,,,,0.1
Victor Rask,25,MIN,C,2,1,3,-1,,,,,,,,,0.1
Michael Rasmussen,19,DET,C,8,10,18,-8,,,,,,,,,1.0
Ty Rattie,25,EDM,RW,4,7,11,-2,,,,,,,,,0.5
Kyle Rau,26,MIN,C,0,1,1,0,,,,,,,,,0.0
Matt Read,32,MIN,RW,1,0,1,-2,,,,,,,,,-0.1
Ryan Reaves,32,VEG,RW,9,11,20,1,,,,,,,,,1.6
Mike Reilly,25,MTL,D,3,8,11,0,,,,,,,,,2.1
Sam Reinhart,23,BUF,C,22,43,65,-10,,,,,,,,,6.0
Sheldon Rempal,23,LAK,RW,0,0,0,-1,,,,,,,,,-0.1
Anthony Richard,22,NSH,C,0,0,0,-1,,,,,,,,,-0.1
Brad Richardson,33,ARI,C,19,8,27,6,,,,,,,,,3.7
Player,Age,Tm,Pos,G,A,PTS,+/-,,,,,,,,,PS
Tobias Rieder,26,EDM,C,0,11,11,-8,,,,,,,,,-0.6
Morgan Rielly,24,TOR,D,20,52,72,24,,,,,,,,,11.7
Juuso Riikola,25,PIT,D,2,3,5,3,,,,,,,,,1.2
Zac Rinaldo,28,NSH,C,1,2,3,1,,,,,,,,,0.2
Rasmus Ristolainen,24,BUF,D,5,38,43,-41,,,,,,,,,4.3
Brett Ritchie,25,DAL,RW,4,2,6,-7,,,,,,,,,0.1
Nick Ritchie,23,ANA,LW,9,22,31,6,,,,,,,,,3.0
Eric Robinson,23,CBJ,LW,0,0,0,-4,,,,,,,,,-0.4
Jack Rodewald,24,OTT,RW,0,0,0,0,,,,,,,,,-0.1
Evan Rodrigues,25,BUF,C,9,20,29,-7,,,,,,,,,1.8
Kevin Rooney,25,NJD,C,6,4,10,-4,,,,,,,,,0.8
Calle Rosen,24,TOR,D,1,0,1,-3,,,,,,,,,0.0
Jack Roslovic,22,WPG,C,9,15,24,-2,,,,,,,,,1.9
Antoine Roussel,29,VAN,LW,9,22,31,5,,,,,,,,,2.9
Carter Rowney,29,ANA,RW,7,13,20,0,,,,,,,,,1.6
Kevin Roy,25,ANA,C,0,0,0,-1,,,,,,,,,-0.1
Matt Roy,23,LAK,D,2,4,6,-1,,,,,,,,,1.3
Nicolas Roy,21,CAR,C,0,0,0,0,,,,,,,,,-0.1
Chad Ruhwedel,28,PIT,D,1,1,2,-9,,,,,,,,,-0.3
Kris Russell,31,EDM,D,3,13,16,5,,,,,,,,,3.7
Player,Age,Tm,Pos,G,A,PTS,+/-,,,,,,,,,PS
Patrick Russell,26,EDM,RW,0,0,0,0,,,,,,,,,-0.1
Bryan Rust,26,PIT,RW,18,17,35,10,,,,,,,,,3.7
Jan Rutta,28,TOT,D,2,6,8,4,,,,,,,,,1.5
Jan Rutta,28,CHI,D,2,4,6,0,,,,,,,,,0.9
Jan Rutta,28,TBL,D,0,2,2,4,,,,,,,,,0.6
Bobby Ryan,31,OTT,LW,15,27,42,-29,,,,,,,,,2.5
Derek Ryan,32,CGY,C,13,25,38,21,,,,,,,,,3.7
Joakim Ryan,25,SJS,D,0,7,7,-1,,,,,,,,,0.9
Kerby Rychel,24,CGY,LW,0,0,0,-1,,,,,,,,,-0.1
Brandon Saad,26,CHI,LW,23,24,47,-9,,,,,,,,,3.9
Miikka Salomaki,25,NSH,RW,3,4,7,5,,,,,,,,,0.6
Zach Sanford,24,STL,LW,8,12,20,8,,,,,,,,,2.0
Travis Sanheim,22,PHI,D,9,26,35,-4,,,,,,,,,5.3
Steven Santini,23,NJD,D,1,3,4,-6,,,,,,,,,0.9
Ashton Sautner,24,VAN,D,0,1,1,-2,,,,,,,,,0.2
David Savard,28,CBJ,D,8,16,24,19,,,,,,,,,6.2
Luca Sbisa,29,NYI,D,0,1,1,0,,,,,,,,,0.3
Marco Scandella,28,BUF,D,6,7,13,-13,,,,,,,,,2.4
Colton Sceviour,29,FLA,C,5,10,15,-2,,,,,,,,,0.8
Tim Schaller,28,VAN,LW,3,7,10,-2,,,,,,,,,0.5
Mark Scheifele,25,WPG,C,38,46,84,8,,,,,,,,,9.4
Brayden Schenn,27,STL,C,17,37,54,3,,,,,,,,,5.2
Player,Age,Tm,Pos,G,A,PTS,+/-,,,,,,,,,PS
Luke Schenn,29,TOT,D,0,2,2,-10,,,,,,,,,-0.1
Luke Schenn,29,VAN,D,0,2,2,-4,,,,,,,,,0.2
Luke Schenn,29,ANA,D,0,0,0,-6,,,,,,,,,-0.3
Nikita Scherbak,23,LAK,RW,1,0,1,-4,,,,,,,,,-0.1
Cameron Schilling,30,WPG,D,0,1,1,0,,,,,,,,,0.1
David Schlemko,31,MTL,D,0,2,2,-1,,,,,,,,,0.4
Jordan Schmaltz,25,STL,D,0,2,2,-7,,,,,,,,,-0.1
Nick Schmaltz,22,TOT,C,7,18,25,-12,,,,,,,,,1.6
Nick Schmaltz,22,CHI,C,2,9,11,-4,,,,,,,,,0.3
Nick Schmaltz,22,ARI,C,5,9,14,-8,,,,,,,,,1.3
Nate Schmidt,27,VEG,D,9,21,30,22,,,,,,,,,6.9
Jimmy Schuldt,23,VEG,D,0,1,1,-1,,,,,,,,,0.0
Justin Schultz,28,PIT,D,2,13,15,0,,,,,,,,,2.0
Jaden Schwartz,26,STL,C,11,25,36,-6,,,,,,,,,2.6
Brent Seabrook,33,CHI,D,5,23,28,-6,,,,,,,,,3.2
Lukas Sedlak,25,CBJ,C,4,2,6,-5,,,,,,,,,0.1
Nick Seeler,25,MIN,D,2,5,7,-4,,,,,,,,,2.0
Tyler Seguin,27,DAL,C,33,47,80,17,,,,,,,,,9.7
Andrej Sekera,32,EDM,D,0,4,4,3,,,,,,,,,1.0
Brett Seney,22,NJD,LW,5,8,13,-14,,,,,,,,,0.6
Zachary Senyshyn,21,BOS,RW,1,0,1,0,,,,,,,,,0.2
Mikhail Sergachev,20,TBL,D,6,26,32,12,,,,,,,,,5.1
Damon Severson,24,NJD,D,11,28,39,-27,,,,,,,,,5.4
Kevin Shattenkirk,30,NYR,D,2,26,28,-15,,,,,,,,,3.1
Player,Age,Tm,Pos,G,A,PTS,+/-,,,,,,,,,PS
Andrew Shaw,27,MTL,C,19,28,47,17,,,,,,,,,5.5
Riley Sheahan,27,TOT,C,9,10,19,-9,,,,,,,,,0.6
Riley Sheahan,27,PIT,C,7,2,9,-7,,,,,,,,,0.3
Riley Sheahan,27,FLA,C,2,8,10,-2,,,,,,,,,0.3
Conor Sheary,26,BUF,LW,14,20,34,-18,,,,,,,,,2.4
Kiefer Sherwood,23,ANA,RW,6,6,12,1,,,,,,,,,1.0
Kole Sherwood,22,CBJ,RW,0,0,0,0,,,,,,,,,0.0
Devin Shore,24,TOT,C,10,19,29,-12,,,,,,,,,2.0
Devin Shore,24,DAL,C,5,12,17,0,,,,,,,,,1.5
Devin Shore,24,ANA,C,5,7,12,-12,,,,,,,,,0.5
Jonas Siegenthaler,21,WSH,D,0,4,4,6,,,,,,,,,1.0
Dylan Sikura,23,CHI,C,0,8,8,2,,,,,,,,,0.1
Jakob Silfverberg,28,ANA,LW,24,19,43,-9,,,,,,,,,4.7
Radim Simek,26,SJS,D,1,8,9,7,,,,,,,,,1.9
Wayne Simmonds,30,TOT,RW,17,13,30,-16,,,,,,,,,1.9
Wayne Simmonds,30,PHI,RW,16,11,27,-20,,,,,,,,,1.7
Wayne Simmonds,30,NSH,RW,1,2,3,4,,,,,,,,,0.2
Dominik Simon,24,PIT,C,8,20,28,8,,,,,,,,,2.3
Colton Sissons,25,NSH,C,15,15,30,20,,,,,,,,,3.3
Jeff Skinner,26,BUF,C,40,23,63,0,,,,,,,,,8.0
Brady Skjei,24,NYR,D,8,17,25,-4,,,,,,,,,4.5
Jaccob Slavin,24,CAR,D,8,23,31,0,,,,,,,,,6.0
Brendan Smith,29,NYR,D,4,9,13,-7,,,,,,,,,2.0
C.J. Smith,24,BUF,LW,2,0,2,0,,,,,,,,,0.2
Craig Smith,29,NSH,C,21,17,38,11,,,,,,,,,4.5
Gemel Smith,24,TOT,C,2,1,3,-4,,,,,,,,,0.2
Gemel Smith,24,DAL,C,2,1,3,-1,,,,,,,,,0.3
Gemel Smith,24,BOS,C,0,0,0,-3,,,,,,,,,-0.2
Player,Age,Tm,Pos,G,A,PTS,+/-,,,,,,,,,PS
Reilly Smith,27,VEG,RW,19,34,53,13,,,,,,,,,5.7
Zack Smith,30,OTT,C,9,19,28,-6,,,,,,,,,1.5
Devante Smith-Pelly,26,WSH,RW,4,4,8,-6,,,,,,,,,-0.1
Vladimir Sobotka,31,BUF,C,5,8,13,-20,,,,,,,,,-0.4
Carl Soderberg,33,COL,C,23,26,49,-5,,,,,,,,,4.7
Marcus Sorensen,26,SJS,RW,17,13,30,10,,,,,,,,,3.1
Nikita Soshnikov,25,STL,RW,0,0,0,-1,,,,,,,,,-0.1
Jason Spezza,35,DAL,C,8,19,27,-13,,,,,,,,,1.7
Ryan Spooner,27,TOT,C,3,6,9,-12,,,,,,,,,-0.2
Ryan Spooner,27,EDM,C,2,1,3,-6,,,,,,,,,-0.1
Ryan Spooner,27,NYR,C,1,1,2,-5,,,,,,,,,-0.2
Ryan Spooner,27,VAN,C,0,4,4,-1,,,,,,,,,0.1
Daniel Sprong,21,TOT,RW,14,9,23,-16,,,,,,,,,2.0
Daniel Sprong,21,ANA,RW,14,5,19,-9,,,,,,,,,2.1
Daniel Sprong,21,PIT,RW,0,4,4,-7,,,,,,,,,-0.1
Jared Spurgeon,29,MIN,D,14,29,43,-1,,,,,,,,,8.8
Eric Staal,34,MIN,C,22,30,52,-7,,,,,,,,,5.1
Jordan Staal,30,CAR,C,11,17,28,6,,,,,,,,,2.7
Marc Staal,32,NYR,D,3,10,13,-9,,,,,,,,,2.3
Drew Stafford,33,NJD,RW,5,8,13,-7,,,,,,,,,0.6
Steven Stamkos,28,TBL,C,45,53,98,4,,,,,,,,,11.5
Paul Stastny,33,VEG,C,13,29,42,14,,,,,,,,,4.7
Troy Stecher,24,VAN,D,2,21,23,9,,,,,,,,,5.1
Sam Steel,20,ANA,C,6,5,11,2,,,,,,,,,1.3
Alex Steen,34,STL,C,10,17,27,2,,,,,,,,,2.2
Player,Age,Tm,Pos,G,A,PTS,+/-,,,,,,,,,PS
Lee Stempniak,35,BOS,RW,0,0,0,-1,,,,,,,,,-0.1
Kevin Stenlund,22,CBJ,C,0,0,0,0,,,,,,,,,-0.1
Derek Stepan,28,ARI,C,15,20,35,-2,,,,,,,,,3.3
Chandler Stephenson,24,WSH,C,5,6,11,-13,,,,,,,,,-0.4
Riley Stillman,20,FLA,D,0,0,0,0,,,,,,,,,0.0
Mark Stone,26,TOT,RW,33,40,73,17,,,,,,,,,8.7
Mark Stone,26,OTT,RW,28,34,62,13,,,,,,,,,7.4
Mark Stone,26,VEG,RW,5,6,11,4,,,,,,,,,1.3
Michael Stone,28,CGY,D,0,5,5,0,,,,,,,,,0.6
Anton Stralman,32,TBL,D,2,15,17,12,,,,,,,,,3.1
Ben Street,31,ANA,C,3,2,5,-4,,,,,,,,,0.3
Dylan Strome,21,TOT,C,20,37,57,-8,,,,,,,,,5.1
Dylan Strome,21,CHI,C,17,34,51,2,,,,,,,,,4.9
Dylan Strome,21,ARI,C,3,3,6,-10,,,,,,,,,0.2
Ryan Strome,25,TOT,C,19,16,35,-3,,,,,,,,,3.3
Ryan Strome,25,NYR,C,18,15,33,-2,,,,,,,,,3.5
Ryan Strome,25,EDM,C,1,1,2,-1,,,,,,,,,-0.2
Nico Sturm,23,MIN,C,0,0,0,0,,,,,,,,,0.0
P.K. Subban,29,NSH,D,9,22,31,5,,,,,,,,,5.8
Libor Sulak,24,DET,D,0,0,0,-4,,,,,,,,,-0.2
Oskar Sundqvist,24,STL,C,14,17,31,-1,,,,,,,,,2.9
Antti Suomela,24,SJS,C,3,5,8,1,,,,,,,,,0.6
Andrej Sustr,28,ANA,D,0,0,0,0,,,,,,,,,0.1
Ryan Suter,34,MIN,D,7,40,47,-8,,,,,,,,,8.3
Brandon Sutter,29,VAN,C,4,2,6,-12,,,,,,,,,-0.1
Andrei Svechnikov,18,CAR,RW,20,17,37,0,,,,,,,,,3.9
Player,Age,Tm,Pos,G,A,PTS,+/-,,,,,,,,,PS
Brandon Tanev,27,WPG,LW,14,15,29,9,,,,,,,,,2.7
Chris Tanev,29,VAN,D,2,10,12,3,,,,,,,,,3.0
Eric Tangradi,29,NJD,C,0,1,1,-3,,,,,,,,,-0.1
Vladimir Tarasenko,27,STL,RW,33,35,68,8,,,,,,,,,8.3
Tomas Tatar,28,MTL,C,25,33,58,21,,,,,,,,,6.8
John Tavares,28,TOR,C,47,41,88,19,,,,,,,,,11.3
Matt Tennyson,28,BUF,D,0,0,0,-4,,,,,,,,,-0.2
Teuvo Teravainen,24,CAR,C,21,55,76,30,,,,,,,,,8.7
Troy Terry,21,ANA,C,4,9,13,8,,,,,,,,,1.4
Josh Teves,23,VAN,D,0,0,0,-1,,,,,,,,,-0.1
Alexandre Texier,19,CBJ,C,1,0,1,3,,,,,,,,,0.3
Shea Theodore,23,VEG,D,12,25,37,-4,,,,,,,,,6.2
Robert Thomas,19,STL,C,9,24,33,-2,,,,,,,,,2.7
Nate Thompson,34,TOT,C,5,8,13,-1,,,,,,,,,0.2
Nate Thompson,34,LAK,C,4,2,6,3,,,,,,,,,0.2
Nate Thompson,34,MTL,C,1,6,7,-4,,,,,,,,,0.1
Tage Thompson,21,BUF,C,7,5,12,-22,,,,,,,,,-0.1
Chris Thorburn,35,STL,RW,0,0,0,0,,,,,,,,,0.0
Joe Thornton,39,SJS,C,16,35,51,8,,,,,,,,,4.8
Chris Tierney,24,OTT,C,9,39,48,-22,,,,,,,,,2.5
Brady Tkachuk,19,OTT,LW,22,23,45,-10,,,,,,,,,4.4
Matthew Tkachuk,21,CGY,LW,34,43,77,14,,,,,,,,,8.8
Player,Age,Tm,Pos,G,A,PTS,+/-,,,,,,,,,PS
Devon Toews,24,NYI,D,5,13,18,7,,,,,,,,,3.8
Jonathan Toews,30,CHI,C,35,46,81,2,,,,,,,,,8.3
Tyler Toffoli,26,LAK,C,13,21,34,-16,,,,,,,,,2.2
Eeli Tolvanen,19,NSH,RW,1,1,2,2,,,,,,,,,0.3
Dominic Toninato,24,COL,C,1,0,1,0,,,,,,,,,0.2
Vincent Trocheck,25,FLA,C,10,24,34,-9,,,,,,,,,2.3
Zach Trotman,28,PIT,D,0,1,1,4,,,,,,,,,0.5
Jacob Trouba,24,WPG,D,8,42,50,8,,,,,,,,,7.5
Alex Tuch,22,VEG,RW,20,32,52,13,,,,,,,,,5.9
Dominic Turgeon,22,DET,C,0,0,0,-3,,,,,,,,,-0.2
Kyle Turris,29,NSH,C,7,16,23,-6,,,,,,,,,1.4
Urho Vaakanainen,20,BOS,D,0,0,0,-1,,,,,,,,,-0.1
Juuso Valimaki,20,CGY,D,1,2,3,-2,,,,,,,,,0.4
James van Riemsdyk,29,PHI,LW,27,21,48,-10,,,,,,,,,5.2
Trevor van Riemsdyk,27,CAR,D,3,11,14,-4,,,,,,,,,2.7
Thomas Vanek,35,DET,LW,16,20,36,-12,,,,,,,,,3.3
Phil Varone,28,PHI,C,3,4,7,-2,,,,,,,,,0.3
Sami Vatanen,27,NJD,D,4,13,17,-17,,,,,,,,,2.2
Frank Vatrano,24,FLA,LW,24,15,39,-10,,,,,,,,,4.0
Max Veronneau,23,OTT,RW,2,2,4,-5,,,,,,,,,0.2
Player,Age,Tm,Pos,G,A,PTS,+/-,,,,,,,,,PS
Kristian Vesalainen,19,WPG,W,0,1,1,0,,,,,,,,,0.0
Jimmy Vesey,25,NYR,LW,17,18,35,-6,,,,,,,,,2.9
Jake Virtanen,22,VAN,RW,15,10,25,-4,,,,,,,,,2.4
Marc-Edouard Vlasic,31,SJS,D,3,22,25,-6,,,,,,,,,3.2
Jakub Voracek,29,PHI,RW,20,46,66,-16,,,,,,,,,5.4
Mikhail Vorobyev,22,PHI,C,1,1,2,0,,,,,,,,,0.1
Jakub Vrana,22,WSH,LW,24,23,47,20,,,,,,,,,5.6
Austin Wagner,21,LAK,LW,12,9,21,2,,,,,,,,,2.7
Chris Wagner,27,BOS,C,12,7,19,3,,,,,,,,,1.6
Nathan Walker,24,WSH,C,0,1,1,1,,,,,,,,,0.1
Sean Walker,24,LAK,D,3,7,10,-8,,,,,,,,,1.5
Lucas Wallmark,23,CAR,C,10,18,28,-8,,,,,,,,,1.7
Austin Watson,27,NSH,LW,7,9,16,11,,,,,,,,,1.9
Jordan Weal,26,TOT,C,8,13,21,-8,,,,,,,,,1.2
Jordan Weal,26,PHI,C,3,6,9,-5,,,,,,,,,0.3
Jordan Weal,26,ARI,C,1,1,2,-3,,,,,,,,,-0.1
Jordan Weal,26,MTL,C,4,6,10,0,,,,,,,,,1.0
Shea Weber,33,MTL,D,14,19,33,15,,,,,,,,,6.8
Yannick Weber,30,NSH,D,2,6,8,7,,,,,,,,,2.3
MacKenzie Weegar,25,FLA,D,4,11,15,-3,,,,,,,,,2.7
Dale Weise,30,TOT,RW,5,6,11,-8,,,,,,,,,0.2
Dale Weise,30,PHI,RW,5,6,11,-6,,,,,,,,,0.5
Dale Weise,30,MTL,RW,0,0,0,-2,,,,,,,,,-0.2
Andy Welinski,25,ANA,D,1,3,4,-5,,,,,,,,,0.7
Alexander Wennberg,24,CBJ,C,2,23,25,-1,,,,,,,,,0.8
Player,Age,Tm,Pos,G,A,PTS,+/-,,,,,,,,,PS
Zach Werenski,21,CBJ,D,11,33,44,-12,,,,,,,,,6.5
Blake Wheeler,32,WPG,RW,20,71,91,0,,,,,,,,,8.2
Colin White,22,OTT,C,14,27,41,-24,,,,,,,,,2.6
Colton White,21,NJD,D,0,0,0,-2,,,,,,,,,-0.1
Chris Wideman,29,TOT,D,2,5,7,-12,,,,,,,,,0.3
Chris Wideman,29,OTT,D,2,3,5,-9,,,,,,,,,0.2
Chris Wideman,29,EDM,D,0,2,2,-2,,,,,,,,,0.1
Chris Wideman,29,FLA,D,0,0,0,-1,,,,,,,,,-0.1
Justin Williams,37,CAR,RW,23,30,53,-4,,,,,,,,,5.3
Colin Wilson,29,COL,C,12,15,27,-6,,,,,,,,,2.2
Garrett Wilson,27,PIT,LW,2,6,8,2,,,,,,,,,0.4
Scott Wilson,26,BUF,C,0,3,3,-8,,,,,,,,,-0.3
Tom Wilson,24,WSH,RW,22,18,40,11,,,,,,,,,4.4
Luke Witkowski,28,DET,D,0,2,2,-5,,,,,,,,,0.1
Christian Wolanin,23,OTT,D,4,8,12,3,,,,,,,,,2.3
Miles Wood,23,NJD,LW,10,14,24,-10,,,,,,,,,1.9
Egor Yakovlev,27,NJD,D,2,5,7,-6,,,,,,,,,1.0
Kailer Yamamoto,20,EDM,RW,1,1,2,-6,,,,,,,,,-0.3
Keith Yandle,32,FLA,D,9,53,62,-17,,,,,,,,,7.5
Pavel Zacha,21,NJD,C,13,12,25,-6,,,,,,,,,2.3
Filip Zadina,19,DET,RW,1,2,3,-5,,,,,,,,,0.0
Nikita Zadorov,23,COL,D,7,7,14,19,,,,,,,,,4.4
Nikita Zaitsev,27,TOR,D,3,11,14,2,,,,,,,,,2.4
Player,Age,Tm,Pos,G,A,PTS,+/-,,,,,,,,,PS
Travis Zajac,33,NJD,C,19,27,46,-25,,,,,,,,,3.5
Jakub Zboril,21,BOS,D,0,0,0,0,,,,,,,,,0.0
Mika Zibanejad,25,NYR,C,30,44,74,-12,,,,,,,,,7.3
Mats Zuccarello,31,TOT,LW,12,28,40,-8,,,,,,,,,3.4
Mats Zuccarello,31,NYR,LW,11,26,37,-11,,,,,,,,,2.9
Mats Zuccarello,31,DAL,LW,1,2,3,3,,,,,,,,,0.5
Jason Zucker,27,MIN,LW,21,21,42,-9,,,,,,,,,4.1
Valentin Zykov,23,TOT,LW,2,3,5,-5,,,,,,,,,0.1
Valentin Zykov,23,CAR,LW,0,3,3,-1,,,,,,,,,0.1
Valentin Zykov,23,VEG,LW,2,0,2,-3,,,,,,,,,0.1
Valentin Zykov,23,EDM,LW,0,0,0,-1,,,,,,,,,-0.1
Jake Allen,28,STL,,0,0,0,,19,17,8,2.83,.905,,,6.5,
Frederik Andersen,29,TOR,,0,1,1,,36,16,7,2.77,.917,,,12.5,
Craig Anderson,37,OTT,,0,2,2,,17,27,4,3.51,.903,,,8.1,
Richard Bachman,31,VAN,,0,0,0,,0,1,0,6.00,.793,,,-0.2,
Jonathan Bernier,30,DET,,0,0,0,,9,18,5,3.16,.904,,,5.1,
Jordan Binnington,25,STL,,0,0,0,,24,5,1,1.89,.927,,,6.0,
Ben Bishop,32,DAL,,0,2,2,,27,15,2,1.98,.934,,,10.8,
MacKenzie Blackwood,22,NJD,,0,0,0,,10,10,0,2.61,.918,,,4.3,
Sergei Bobrovsky,30,CBJ,,0,0,0,,37,24,1,2.58,.913,,,10.4,
Landon Bow,23,DAL,,0,0,0,,0,0,0,1.03,.947,,,0.2,
Kevin Boyle,26,ANA,,0,0,0,,1,3,0,2.17,.928,,,1.0,
Laurent Brossoit,25,WPG,,0,0,0,,13,6,2,2.52,.925,,,4.7,
Peter Budaj,36,LAK,,0,0,0,,0,1,0,5.02,.818,,,-0.1,
Jack Campbell,27,LAK,,0,1,1,,10,14,1,2.30,.928,,,6.3,
Eric Comrie,23,WPG,,0,0,0,,0,1,0,5.01,.821,,,-0.1,
Mike Condon,28,OTT,,0,0,0,,0,2,0,6.38,.800,,,-0.2,
Pheonix Copley,27,WSH,,0,1,1,,16,7,3,2.90,.905,,,3.9,
Corey Crawford,34,CHI,,0,4,4,,14,18,5,2.93,.908,,,6.3,
Joey Daccord,22,OTT,,0,0,0,,0,1,0,5.00,.875,,,0.1,
Scott Darling,30,CAR,,0,0,0,,2,4,2,3.34,.884,,,0.7,
Player,Age,Tm,,G,A,PTS,,W,L,T/O,GAA,SV%,,,GPS,
Collin Delia,24,CHI,,0,0,0,,6,4,3,3.61,.908,,,2.9,
Aaron Dell,29,SJS,,0,0,0,,10,8,4,3.17,.886,,,1.9,
Thatcher Demko,23,VAN,,0,1,1,,4,3,1,2.81,.913,,,1.7,
Casey DeSmith,27,PIT,,0,0,0,,15,11,5,2.75,.916,,,6.6,
Michael Dipietro,19,VAN,,0,0,0,,0,1,0,7.00,.708,,,-0.4,
Louis Domingue,26,TBL,,0,1,1,,21,5,0,2.88,.908,,,4.3,
Devan Dubnyk,32,MIN,,0,2,2,,31,28,6,2.54,.913,,,11.1,
Brian Elliott,33,PHI,,0,1,1,,11,11,1,2.96,.907,,,3.9,
Marc-Andre Fleury,34,VEG,,0,2,2,,35,21,5,2.51,.913,,,10.3,
Pavel Francouz,28,COL,,0,0,0,,0,2,0,1.96,.943,,,0.3,
Kaden Fulcher,20,DET,,0,0,0,,0,0,0,4.41,.818,,,0.0,
Alexandar Georgiev,22,NYR,,0,2,2,,14,13,4,2.91,.914,,,6.3,
Christopher Gibson,26,NYI,,0,0,0,,0,0,0,1.50,.941,,,0.2,
John Gibson,25,ANA,,0,0,0,,26,22,8,2.84,.917,,,11.6,
Thomas Greiss,33,NYI,,0,1,1,,23,14,2,2.28,.927,,,8.7,
Philipp Grubauer,27,COL,,0,0,0,,18,9,5,2.64,.917,,,6.8,
Jaroslav Halak,33,BOS,,0,4,4,,22,11,4,2.34,.922,,,8.0,
Carter Hart,20,PHI,,0,0,0,,16,13,1,2.83,.917,,,6.2,
Connor Hellebuyck,25,WPG,,0,3,3,,34,23,3,2.90,.913,,,12.1,
Adin Hill,22,ARI,,0,0,0,,7,5,0,2.76,.901,,,1.5,
Player,Age,Tm,,G,A,PTS,,W,L,T/O,GAA,SV%,,,GPS,
Marcus Hogberg,24,OTT,,0,0,0,,0,2,1,4.09,.884,,,0.3,
Braden Holtby,29,WSH,,0,2,2,,32,19,5,2.82,.911,,,10.2,
Jimmy Howard,34,DET,,0,1,1,,23,22,5,3.07,.909,,,9.3,
Michael Hutchinson,28,TOT,,0,0,0,,3,4,2,3.27,.887,,,0.8,
Michael Hutchinson,28,TOR,,0,0,0,,2,3,0,2.64,.914,,,0.9,
Michael Hutchinson,28,FLA,,0,0,0,,1,1,2,4.17,.839,,,-0.2,
Carter Hutton,33,BUF,,0,1,1,,18,25,5,3.00,.908,,,8.3,
Tristan Jarry,23,PIT,,0,0,0,,0,1,1,3.50,.887,,,0.2,
Chad Johnson,32,TOT,,0,0,0,,2,11,0,3.63,.879,,,0.9,
Chad Johnson,32,STL,,0,0,0,,2,6,0,3.55,.884,,,0.7,
Chad Johnson,32,ANA,,0,0,0,,0,5,0,3.75,.872,,,0.2,
Martin Jones,29,SJS,,0,1,1,,36,19,5,2.94,.896,,,7.0,
Anton Khudobin,32,DAL,,0,0,0,,16,17,5,2.57,.923,,,8.6,
Keith Kinkaid,29,NJD,,0,0,0,,15,18,6,3.36,.891,,,4.3,
Joonas Korpisalo,24,CBJ,,0,0,0,,10,7,3,2.95,.897,,,2.7,
Mikko Koskinen,30,EDM,,0,2,2,,25,21,6,2.93,.906,,,8.0,
Darcy Kuemper,28,ARI,,0,2,2,,27,20,8,2.33,.925,,,12.0,
Maxime Lagace,26,VEG,,0,0,0,,0,1,0,4.03,.871,,,0.0,
Robin Lehner,27,NYI,,0,1,1,,25,13,5,2.13,.930,,,10.2,
Charlie Lindgren,25,MTL,,0,0,0,,1,0,0,4.62,.898,,,0.2,
Henrik Lundqvist,36,NYR,,0,3,3,,18,23,10,3.07,.907,,,9.0,
Roberto Luongo,39,FLA,,0,1,1,,18,16,5,3.12,.899,,,5.3,
Alex Lyon,26,PHI,,0,0,0,,0,1,0,5.08,.806,,,-0.2,
Jacob Markstrom,29,VAN,,0,3,3,,28,23,9,2.77,.912,,,11.1,
Player,Age,Tm,,G,A,PTS,,W,L,T/O,GAA,SV%,,,GPS,
Curtis McElhinney,35,CAR,,0,0,0,,20,11,2,2.58,.912,,,5.6,
Mike McKenna,35,TOT,,0,0,0,,1,5,1,3.99,.892,,,1.2,
Mike McKenna,35,OTT,,0,0,0,,1,4,1,3.96,.897,,,1.2,
Mike McKenna,35,PHI,,0,0,0,,0,1,0,4.22,.833,,,-0.1,
Ryan Miller,38,ANA,,0,0,0,,8,7,2,2.76,.912,,,3.3,
Hunter Miska,23,ARI,,0,0,0,,0,0,0,3.28,.889,,,0.0,
Sam Montembeault,22,FLA,,0,1,1,,4,3,2,3.04,.894,,,1.1,
Petr Mrazek,26,CAR,,0,1,1,,23,14,3,2.39,.914,,,6.6,
Matt Murray,24,PIT,,0,0,0,,29,14,6,2.69,.919,,,10.4,
Alex Nedeljkovic,23,CAR,,0,0,0,,1,0,0,2.00,.923,,,0.2,
Michal Neuvirth,30,PHI,,0,0,0,,1,4,1,4.27,.859,,,0.0,
Antti Niemi,35,MTL,,0,1,1,,8,6,2,3.78,.887,,,1.7,
Anders Nilsson,28,TOT,,0,1,1,,14,19,1,2.97,.908,,,5.9,
Anders Nilsson,28,OTT,,0,1,1,,11,11,0,2.90,.914,,,4.5,
Anders Nilsson,28,VAN,,0,0,0,,3,8,1,3.09,.895,,,1.4,
Eddie Pasquale,28,TBL,,0,0,0,,2,1,0,3.96,.882,,,0.3,
Calvin Petersen,24,LAK,,0,0,0,,5,4,1,2.61,.924,,,2.5,
Calvin Pickard,26,TOT,,0,0,0,,4,6,2,3.86,.875,,,0.7,
Calvin Pickard,26,PHI,,0,0,0,,4,2,2,4.01,.863,,,0.1,
Calvin Pickard,26,ARI,,0,0,0,,0,4,0,3.61,.892,,,0.6,
Carey Price,31,MTL,,0,1,1,,35,24,6,2.49,.918,,,12.5,
Jonathan Quick,33,LAK,,0,2,2,,16,23,7,3.38,.888,,,4.3,
Antti Raanta,29,ARI,,0,1,1,,5,6,0,2.88,.906,,,1.8,
Tuukka Rask,31,BOS,,0,2,2,,27,13,5,2.48,.912,,,7.3,
James Reimer,30,FLA,,0,0,0,,13,12,5,3.09,.900,,,4.2,
Pekka Rinne,36,NSH,,0,0,0,,30,19,4,2.42,.918,,,10.1,
Player,Age,Tm,,G,A,PTS,,W,L,T/O,GAA,SV%,,,GPS,
David Rittich,26,CGY,,0,0,0,,27,9,5,2.61,.911,,,7.0,
Juuse Saros,23,NSH,,0,0,0,,17,10,2,2.62,.915,,,5.3,
Cory Schneider,32,NJD,,0,0,0,,6,13,4,3.06,.903,,,3.4,
Mike Smith,36,CGY,,0,3,3,,23,16,2,2.72,.898,,,4.6,
Garret Sparks,25,TOR,,0,0,0,,8,9,1,3.15,.902,,,2.8,
Alex Stalock,31,MIN,,0,2,2,,6,8,3,2.99,.899,,,2.3,
Anthony Stolarz,25,TOT,,0,0,0,,4,5,3,3.45,.901,,,2.3,
Anthony Stolarz,25,PHI,,0,0,0,,4,3,3,3.33,.902,,,1.7,
Anthony Stolarz,25,EDM,,0,0,0,,0,2,0,3.77,.897,,,0.6,
Malcolm Subban,25,VEG,,0,0,0,,8,10,2,2.93,.902,,,2.9,
Cam Talbot,31,TOT,,0,1,1,,11,17,3,3.40,.892,,,3.6,
Cam Talbot,31,EDM,,0,1,1,,10,15,3,3.36,.893,,,3.4,
Cam Talbot,31,PHI,,0,0,0,,1,2,0,3.70,.881,,,0.3,
Linus Ullmark,25,BUF,,0,1,1,,15,14,5,3.11,.905,,,5.8,
Semyon Varlamov,30,COL,,0,0,0,,20,19,9,2.87,.909,,,8.2,
Andrei Vasilevskiy,24,TBL,,0,3,3,,39,10,4,2.40,.925,,,12.4,
Cam Ward,34,CHI,,0,1,1,,16,12,4,3.67,.897,,,4.6,
